iid,iparentid,cpath,ilevel,iposition
63,0,Sports-Outdoor,1,2
12,2,Tablet-PC-Cellphone/Cell-Phones/iocean,3,10
66,64,Sports-Outdoor/Cycling/Bike-Accessories,3,2
14,2,Tablet-PC-Cellphone/Cell-Phones/ZTE,3,12
15,2,Tablet-PC-Cellphone/Cell-Phones/THL,3,13
71,64,Sports-Outdoor/Cycling/Bike-Holder,3,7
18,2,Tablet-PC-Cellphone/Cell-Phones/Elephone,3,16
72,64,Sports-Outdoor/Cycling/Bag-Supplies,3,8
20,2,Tablet-PC-Cellphone/Cell-Phones/JIAYU,3,18
21,2,Tablet-PC-Cellphone/Cell-Phones/LANDVO,3,19
22,2,Tablet-PC-Cellphone/Cell-Phones/vkworld,3,20
76,64,Sports-Outdoor/Cycling/Bicycle-Gloves,3,12
77,64,Sports-Outdoor/Cycling/Bicycle-Decals,3,13
78,64,Sports-Outdoor/Cycling/Bicycle-Glasses,3,14
79,64,Sports-Outdoor/Cycling/Water-Bottles,3,15
27,2,Tablet-PC-Cellphone/Cell-Phones/LG,3,25
46,35,Tablet-PC-Cellphone/Accessories-for-Cell-Phones/Wireless-Charging-Accessories,3,11
19,2,Tablet-PC-Cellphone/Cell-Phones/DOOGEE,3,17
28,2,Tablet-PC-Cellphone/Cell-Phones/LKD,3,26
35,1,Tablet-PC-Cellphone/Accessories-for-Cell-Phones,2,2
41,35,Tablet-PC-Cellphone/Accessories-for-Cell-Phones/Audio-Accessories-and-Earphones,3,6
82,64,Sports-Outdoor/Cycling/Cycling-Head-Scarfs,3,18
57,53,Tablet-PC-Cellphone/Tablet-PC-Accessories/Tablet-PC-Cables,3,4
44,35,Tablet-PC-Cellphone/Accessories-for-Cell-Phones/Vehicle-Mounted-Accessories,3,9
53,1,Tablet-PC-Cellphone/Tablet-PC-Accessories,2,3
47,35,Tablet-PC-Cellphone/Accessories-for-Cell-Phones/Originality-Accessories,3,12
31,2,Tablet-PC-Cellphone/Cell-Phones/Ulefone,3,29
56,53,Tablet-PC-Cellphone/Tablet-PC-Accessories/Tablet-PC-Back-Cases,3,3
48,35,Tablet-PC-Cellphone/Accessories-for-Cell-Phones/Phone-Protection-Accessories,3,13
11,2,Tablet-PC-Cellphone/Cell-Phones/MIJUE,3,9
49,35,Tablet-PC-Cellphone/Accessories-for-Cell-Phones/Portable-Wireless-Speakers,3,14
54,53,Tablet-PC-Cellphone/Tablet-PC-Accessories/Tablet-PC,3,1
85,84,Sports-Outdoor/Fishing/Fishing-Rods,3,1
30,2,Tablet-PC-Cellphone/Cell-Phones/KingSing,3,28
8,2,Tablet-PC-Cellphone/Cell-Phones/ONN,3,6
5,2,Tablet-PC-Cellphone/Cell-Phones/Xiaomi,3,3
23,2,Tablet-PC-Cellphone/Cell-Phones/Tengda,3,21
50,35,Tablet-PC-Cellphone/Accessories-for-Cell-Phones/Phone-Lens,3,15
9,2,Tablet-PC-Cellphone/Cell-Phones/Otium,3,7
86,84,Sports-Outdoor/Fishing/Fishing-Reels,3,2
87,84,Sports-Outdoor/Fishing/Fishing-Lines,3,3
39,35,Tablet-PC-Cellphone/Accessories-for-Cell-Phones/Phone-Batteries,3,4
60,53,Tablet-PC-Cellphone/Tablet-PC-Accessories/Originality-Accessories,3,7
62,53,Tablet-PC-Cellphone/Tablet-PC-Accessories/Other-Tablet-Accessories,3,9
40,35,Tablet-PC-Cellphone/Accessories-for-Cell-Phones/Phone-Data-Cables,3,5
3,2,Tablet-PC-Cellphone/Cell-Phones/Lenovo,3,1
61,53,Tablet-PC-Cellphone/Tablet-PC-Accessories/Capacity-Expansion,3,8
64,63,Sports-Outdoor/Cycling,2,1
33,2,Tablet-PC-Cellphone/Cell-Phones/Drfy-Phones,3,31
42,35,Tablet-PC-Cellphone/Accessories-for-Cell-Phones/Phone-Protection-Cases,3,7
80,64,Sports-Outdoor/Cycling/Pumps,3,16
43,35,Tablet-PC-Cellphone/Accessories-for-Cell-Phones/DIY-Tools,3,8
65,64,Sports-Outdoor/Cycling/Bicycle-Lights,3,1
6,2,Tablet-PC-Cellphone/Cell-Phones/Cubot,3,4
13,2,Tablet-PC-Cellphone/Cell-Phones/coolpad,3,11
67,64,Sports-Outdoor/Cycling/Bikes,3,3
68,64,Sports-Outdoor/Cycling/Fixed-Gear-Bikes,3,4
16,2,Tablet-PC-Cellphone/Cell-Phones/TCL,3,14
73,64,Sports-Outdoor/Cycling/Bicycle-Helmets,3,9
74,64,Sports-Outdoor/Cycling/Bicycle-Saddles,3,10
81,64,Sports-Outdoor/Cycling/Tire-Tubes-,3,17
75,64,Sports-Outdoor/Cycling/Bicycle-Pedals,3,11
25,2,Tablet-PC-Cellphone/Cell-Phones/ECOO,3,23
24,2,Tablet-PC-Cellphone/Cell-Phones/iNew,3,22
26,2,Tablet-PC-Cellphone/Cell-Phones/No-1,3,24
83,64,Sports-Outdoor/Cycling/Cycling-Clothing,3,19
84,63,Sports-Outdoor/Fishing,2,2
32,2,Tablet-PC-Cellphone/Cell-Phones/LEAGOO,3,30
58,53,Tablet-PC-Cellphone/Tablet-PC-Accessories/Tablet-PC-Holders,3,5
59,53,Tablet-PC-Cellphone/Tablet-PC-Accessories/Tablet-PC-Vehicle-Mounted-Equipments,3,6
7,2,Tablet-PC-Cellphone/Cell-Phones/DIY-Tools,3,5
152,147,Sports-Outdoor/Ball-Games/Volleyball-Others,3,5
102,98,Sports-Outdoor/Camping-Hiking/Sleeping-Bags,3,4
103,98,Sports-Outdoor/Camping-Hiking/Tents,3,5
105,98,Sports-Outdoor/Camping-Hiking/Backpacks,3,7
159,0,Test-Equipment-Tools,1,3
107,98,Sports-Outdoor/Camping-Hiking/Outdoor-Appliances,3,9
108,98,Sports-Outdoor/Camping-Hiking/Emergency-Survival-Tools-,3,10
162,160,Test-Equipment-Tools/UNI-T/Clamp-Meters,3,2
163,160,Test-Equipment-Tools/UNI-T/Environmental-Testers,3,3
165,159,Test-Equipment-Tools/MASTECH,2,2
167,165,Test-Equipment-Tools/MASTECH/Clamp-Meters,3,2
115,63,Sports-Outdoor/Sports-Body-Building-,2,5
169,165,Test-Equipment-Tools/MASTECH/Others,3,4
121,115,Sports-Outdoor/Sports-Body-Building-/Others,3,6
122,115,Sports-Outdoor/Sports-Body-Building-/Shinguards,3,7
94,84,Sports-Outdoor/Fishing/Fishing-Bags,3,10
150,147,Sports-Outdoor/Ball-Games/Golf-Others,3,3
176,170,Test-Equipment-Tools/Electrical-Testing/Component-Testers,3,6
172,170,Test-Equipment-Tools/Electrical-Testing/Clamp-Meters,3,2
177,170,Test-Equipment-Tools/Electrical-Testing/Current-Testers,3,7
120,115,Sports-Outdoor/Sports-Body-Building-/Extreme-Sports,3,5
98,63,Sports-Outdoor/Camping-Hiking,2,3
148,147,Sports-Outdoor/Ball-Games/Tennis-Others,3,1
125,115,Sports-Outdoor/Sports-Body-Building-/Undergarment,3,10
126,115,Sports-Outdoor/Sports-Body-Building-/Gym-Strips,3,11
168,165,Test-Equipment-Tools/MASTECH/Environmental-Testers,3,3
101,98,Sports-Outdoor/Camping-Hiking/Telescope-Binoculars,3,3
128,115,Sports-Outdoor/Sports-Body-Building-/Rope-Skipping,3,13
129,115,Sports-Outdoor/Sports-Body-Building-/Wrist-Developers,3,14
130,115,Sports-Outdoor/Sports-Body-Building-/Amusement-Parks,3,15
131,115,Sports-Outdoor/Sports-Body-Building-/Kites,3,16
134,132,Sports-Outdoor/Beach-Sports/Swimming-Goggles,3,2
141,140,Sports-Outdoor/Winter-Sports/Ski-Helmets,3,1
127,115,Sports-Outdoor/Sports-Body-Building-/Fitness-Gloves,3,12
146,140,Sports-Outdoor/Winter-Sports/Crampons,3,6
132,63,Sports-Outdoor/Beach-Sports,2,6
106,98,Sports-Outdoor/Camping-Hiking/Compasses,3,8
133,132,Sports-Outdoor/Beach-Sports/Sunglasses,3,1
135,132,Sports-Outdoor/Beach-Sports/Diving,3,3
143,140,Sports-Outdoor/Winter-Sports/Gloves,3,3
160,159,Test-Equipment-Tools/UNI-T,2,1
136,132,Sports-Outdoor/Beach-Sports/Swimwear,3,4
138,132,Sports-Outdoor/Beach-Sports/Surfing-Boating,3,6
139,132,Sports-Outdoor/Beach-Sports/Swimming-Caps,3,7
140,63,Sports-Outdoor/Winter-Sports,2,7
164,160,Test-Equipment-Tools/UNI-T/Others,3,4
142,140,Sports-Outdoor/Winter-Sports/Ski-Goggles,3,2
161,160,Test-Equipment-Tools/UNI-T/Digital-Multimeters,3,1
144,140,Sports-Outdoor/Winter-Sports/Hats-Scarfs,3,4
166,165,Test-Equipment-Tools/MASTECH/Digital-Multimeters,3,1
145,140,Sports-Outdoor/Winter-Sports/Skiing-Gears,3,5
149,147,Sports-Outdoor/Ball-Games/Badminton-Others,3,2
92,84,Sports-Outdoor/Fishing/Fishing-Boxes,3,8
170,159,Test-Equipment-Tools/Electrical-Testing,2,3
174,170,Test-Equipment-Tools/Electrical-Testing/Capacitance-Resistance-Meters,3,4
147,63,Sports-Outdoor/Ball-Games,2,8
97,84,Sports-Outdoor/Fishing/Fishing-Accessories,3,13
151,147,Sports-Outdoor/Ball-Games/Table-Tennis-Others,3,4
100,98,Sports-Outdoor/Camping-Hiking/Outdoor-Tools,3,2
153,147,Sports-Outdoor/Ball-Games/Basketball-Others,3,6
158,63,Sports-Outdoor/Others,2,10
109,98,Sports-Outdoor/Camping-Hiking/Camping-Mats,3,11
111,63,Sports-Outdoor/Hunting,2,4
113,111,Sports-Outdoor/Hunting/Hungting-Tools,3,2
114,111,Sports-Outdoor/Hunting/Others,3,3
96,84,Sports-Outdoor/Fishing/Tools-Equipment,3,12
171,170,Test-Equipment-Tools/Electrical-Testing/Digital-Multimeters,3,1
119,115,Sports-Outdoor/Sports-Body-Building-/Boxing,3,4
175,170,Test-Equipment-Tools/Electrical-Testing/Circuit-Tracers-Analyzers,3,5
123,115,Sports-Outdoor/Sports-Body-Building-/Fitness-Bags,3,8
154,147,Sports-Outdoor/Ball-Games/Football-Others,3,7
124,115,Sports-Outdoor/Sports-Body-Building-/Sweaters,3,9
173,170,Test-Equipment-Tools/Electrical-Testing/Battery-Tester,3,3
1716,1706,Car-Accessories/Boat-Parts/Jet-Drives,3,10
187,170,Test-Equipment-Tools/Electrical-Testing/Voltage-Testers,3,17
242,240,Computer-Networking/Flash-Drives-Storage/Mini-SD-Cards,3,2
248,240,Computer-Networking/Flash-Drives-Storage/CF-Cards,3,8
197,189,Test-Equipment-Tools/Environal-Measurement-Instruments/Vibration-Noisemeter,3,8
251,221,Computer-Networking/Cables-Connectors,2,4
253,251,Computer-Networking/Cables-Connectors/Firewire-Cables,3,2
254,251,Computer-Networking/Cables-Connectors/Connectors,3,3
202,159,Test-Equipment-Tools/Optical-Instrument,2,5
203,202,Test-Equipment-Tools/Optical-Instrument/Microscope,3,1
204,202,Test-Equipment-Tools/Optical-Instrument/Magnifier,3,2
205,202,Test-Equipment-Tools/Optical-Instrument/Optical-measurement-instrument,3,3
234,227,Computer-Networking/Computer-Accessories/Sound-Cards,3,7
192,189,Test-Equipment-Tools/Environal-Measurement-Instruments/Gas-Testing-Instrument,3,3
206,202,Test-Equipment-Tools/Optical-Instrument/Endoscopes,3,4
208,207,Test-Equipment-Tools/Measurement-Instrument/Balance-Weighing-Apparatus,3,1
207,159,Test-Equipment-Tools/Measurement-Instrument,2,6
211,159,Test-Equipment-Tools/Hardware-Gadgets,2,7
221,0,Computer-Networking,1,4
228,227,Computer-Networking/Computer-Accessories/USB-Hubs,3,1
239,227,Computer-Networking/Computer-Accessories/Other,3,12
232,227,Computer-Networking/Computer-Accessories/Card-Reader,3,5
215,211,Test-Equipment-Tools/Hardware-Gadgets/Paint-Sprying-Tools,3,4
223,222,Computer-Networking/Keyboards-Mice-Input/Keyboard,3,1
209,207,Test-Equipment-Tools/Measurement-Instrument/Length-Measuring-Instrument,3,2
188,170,Test-Equipment-Tools/Electrical-Testing/Others,3,18
226,222,Computer-Networking/Keyboards-Mice-Input/Other,3,4
212,211,Test-Equipment-Tools/Hardware-Gadgets/Maintenance-Tools,3,1
230,227,Computer-Networking/Computer-Accessories/Speakers,3,3
213,211,Test-Equipment-Tools/Hardware-Gadgets/Electric-Pneumatic-tools,3,2
181,170,Test-Equipment-Tools/Electrical-Testing/Logic-Analyzers,3,11
243,240,Computer-Networking/Flash-Drives-Storage/SD-Cards,3,3
214,211,Test-Equipment-Tools/Hardware-Gadgets/Grinding-Tools,3,3
183,170,Test-Equipment-Tools/Electrical-Testing/Oscilloscopes-Accessories,3,13
233,227,Computer-Networking/Computer-Accessories/PCMCIA-Cards,3,6
216,211,Test-Equipment-Tools/Hardware-Gadgets/Others,3,5
182,170,Test-Equipment-Tools/Electrical-Testing/Ohmmeters,3,12
217,159,Test-Equipment-Tools/Electronic-Components,2,8
218,217,Test-Equipment-Tools/Electronic-Components/Development-board,3,1
219,217,Test-Equipment-Tools/Electronic-Components/Modules,3,2
220,217,Test-Equipment-Tools/Electronic-Components/Connectors-Components,3,3
222,221,Computer-Networking/Keyboards-Mice-Input,2,1
238,227,Computer-Networking/Computer-Accessories/CD-ROM-Floppy-Drives,3,11
224,222,Computer-Networking/Keyboards-Mice-Input/Mice,3,2
225,222,Computer-Networking/Keyboards-Mice-Input/Barcode-Scanners,3,3
237,227,Computer-Networking/Computer-Accessories/Chargers-Adapters,3,10
227,221,Computer-Networking/Computer-Accessories,2,2
240,221,Computer-Networking/Flash-Drives-Storage,2,3
199,189,Test-Equipment-Tools/Environal-Measurement-Instruments/Breath-Alcohol-Tester,3,10
229,227,Computer-Networking/Computer-Accessories/Headsets-Microphones,3,2
231,227,Computer-Networking/Computer-Accessories/TV-Cards-Tuners,3,4
244,240,Computer-Networking/Flash-Drives-Storage/Micro-Cards,3,4
194,189,Test-Equipment-Tools/Environal-Measurement-Instruments/Soil-Analysis-Instrument,3,5
200,189,Test-Equipment-Tools/Environal-Measurement-Instruments/Communication-Instruments,3,11
245,240,Computer-Networking/Flash-Drives-Storage/XD-Cards,3,5
246,240,Computer-Networking/Flash-Drives-Storage/MMC-Cards,3,6
249,240,Computer-Networking/Flash-Drives-Storage/Portable-Disk-Enclosures,3,9
196,189,Test-Equipment-Tools/Environal-Measurement-Instruments/Illuminometer,3,7
250,240,Computer-Networking/Flash-Drives-Storage/Memory-Card-Accessories,3,10
252,251,Computer-Networking/Cables-Connectors/USB-Cables-Adapters,3,1
201,189,Test-Equipment-Tools/Environal-Measurement-Instruments/Others,3,12
236,227,Computer-Networking/Computer-Accessories/PC-Remote-Control,3,9
186,170,Test-Equipment-Tools/Electrical-Testing/Test-Probes-Leads,3,16
241,240,Computer-Networking/Flash-Drives-Storage/Flash-Disk,3,1
247,240,Computer-Networking/Flash-Drives-Storage/MS-Pro-Duo,3,7
1717,1706,Car-Accessories/Boat-Parts/Memorabilia,3,11
263,258,Computer-Networking/Laptops-Notebooks/Mac-Accessories,3,5
319,318,Cameras-Photo-Accessories/DSLR-Video-Supports-Rigs/Video-Monitors,3,1
320,318,Cameras-Photo-Accessories/DSLR-Video-Supports-Rigs/Video-Mics,3,2
323,318,Cameras-Photo-Accessories/DSLR-Video-Supports-Rigs/Matte-Boxes,3,5
324,318,Cameras-Photo-Accessories/DSLR-Video-Supports-Rigs/Shoulder-Rigs-for-DLSR-DV,3,6
325,318,Cameras-Photo-Accessories/DSLR-Video-Supports-Rigs/Video-Sliders,3,7
328,318,Cameras-Photo-Accessories/DSLR-Video-Supports-Rigs/Others,3,10
273,270,Computer-Networking/USB-Gadgets/USB-Phone,3,3
274,270,Computer-Networking/USB-Gadgets/USB-Home-Improvement,3,4
275,270,Computer-Networking/USB-Gadgets/Others-USB-Gadgets,3,5
261,258,Computer-Networking/Laptops-Notebooks/Cooling-Pad,3,3
303,295,Cameras-Photo-Accessories/Lenses-and-Filters/Polarizer-Filters,3,8
322,318,Cameras-Photo-Accessories/DSLR-Video-Supports-Rigs/Follow-Focuses,3,4
293,292,Cameras-Photo-Accessories/LED-Video-Lights-Accessories/LED-Video-Lights,3,1
329,277,Cameras-Photo-Accessories/Strobe-Lighting-Photo-Studio-Accessories,2,9
304,295,Cameras-Photo-Accessories/Lenses-and-Filters/UV-Filters,3,9
268,264,Computer-Networking/Networking-Communications/Wireless-Networking,3,4
277,0,Cameras-Photo-Accessories,1,5
262,258,Computer-Networking/Laptops-Notebooks/Laptop-Case-Bag,3,4
317,313,Cameras-Photo-Accessories/Tripods-Supports/Tripods-Accessories,3,4
278,277,Cameras-Photo-Accessories/Photographic-Goods,2,1
279,277,Cameras-Photo-Accessories/Camcorders-Digital-Cameras,2,2
280,279,Cameras-Photo-Accessories/Camcorders-Digital-Cameras/Digital-Cameras,3,1
318,277,Cameras-Photo-Accessories/DSLR-Video-Supports-Rigs,2,8
294,292,Cameras-Photo-Accessories/LED-Video-Lights-Accessories/LED-Video-Accessories,3,2
264,221,Computer-Networking/Networking-Communications,2,6
287,284,Cameras-Photo-Accessories/Flashes-Flash-Accessories/Diffusers,3,3
288,284,Cameras-Photo-Accessories/Flashes-Flash-Accessories/Flash-Triggers,3,4
289,284,Cameras-Photo-Accessories/Flashes-Flash-Accessories/Flash-Cables,3,5
298,295,Cameras-Photo-Accessories/Lenses-and-Filters/Lens-Hoods,3,3
321,318,Cameras-Photo-Accessories/DSLR-Video-Supports-Rigs/Steadycams,3,3
295,277,Cameras-Photo-Accessories/Lenses-and-Filters,2,5
282,279,Cameras-Photo-Accessories/Camcorders-Digital-Cameras/Sport-Cameras,3,3
283,279,Cameras-Photo-Accessories/Camcorders-Digital-Cameras/Mini-Cameras,3,4
284,277,Cameras-Photo-Accessories/Flashes-Flash-Accessories,2,3
296,295,Cameras-Photo-Accessories/Lenses-and-Filters/UV-Lens-Filter,3,1
299,295,Cameras-Photo-Accessories/Lenses-and-Filters/Macro-Extension-Tubes,3,4
305,295,Cameras-Photo-Accessories/Lenses-and-Filters/Filters-kit,3,10
300,295,Cameras-Photo-Accessories/Lenses-and-Filters/Viewfinders,3,5
306,295,Cameras-Photo-Accessories/Lenses-and-Filters/Others,3,11
286,284,Cameras-Photo-Accessories/Flashes-Flash-Accessories/Ringlight-Flashes,3,2
290,284,Cameras-Photo-Accessories/Flashes-Flash-Accessories/Hot-Shoes,3,6
292,277,Cameras-Photo-Accessories/LED-Video-Lights-Accessories,2,4
311,307,Cameras-Photo-Accessories/Other-Camera-Accessories/Cleaning-Equipment,3,4
301,295,Cameras-Photo-Accessories/Lenses-and-Filters/Adapters-Converters,3,6
307,277,Cameras-Photo-Accessories/Other-Camera-Accessories,2,6
297,295,Cameras-Photo-Accessories/Lenses-and-Filters/Camera-Lenses,3,2
302,295,Cameras-Photo-Accessories/Lenses-and-Filters/ND-Filters,3,7
312,307,Cameras-Photo-Accessories/Other-Camera-Accessories/Others,3,5
330,329,Cameras-Photo-Accessories/Strobe-Lighting-Photo-Studio-Accessories/Strobe-Lighting,3,1
276,221,Computer-Networking/Bluetooth-IrDA,2,9
258,221,Computer-Networking/Laptops-Notebooks,2,5
308,307,Cameras-Photo-Accessories/Other-Camera-Accessories/Remote-Controls,3,1
310,307,Cameras-Photo-Accessories/Other-Camera-Accessories/Blinders,3,3
314,313,Cameras-Photo-Accessories/Tripods-Supports/Tripods,3,1
315,313,Cameras-Photo-Accessories/Tripods-Supports/Monopod-Tripods,3,2
269,221,Computer-Networking/Printer-Supplies-Accessories,2,7
313,277,Cameras-Photo-Accessories/Tripods-Supports,2,7
270,221,Computer-Networking/USB-Gadgets,2,8
271,270,Computer-Networking/USB-Gadgets/USB-Fan,3,1
326,318,Cameras-Photo-Accessories/DSLR-Video-Supports-Rigs/Dolly-Kit-Skater,3,8
272,270,Computer-Networking/USB-Gadgets/USB-Lamp,3,2
316,313,Cameras-Photo-Accessories/Tripods-Supports/Tripod-Heads,3,3
257,251,Computer-Networking/Cables-Connectors/IDE-SATA,3,6
490,482,Musical-Instruments/Strings/Violas-Cellos,3,8
345,341,Cameras-Photo-Accessories/Bags-Cases-Straps/Waterproof-Bags,3,4
350,347,Cameras-Photo-Accessories/GOPRO-Accessories/Tripods-Fix-Accessories,3,3
405,392,Lighting-Flashlights-LEDs/Indoor-Lighting/Track-Lighting,3,13
356,355,Lighting-Flashlights-LEDs/LED-Lighting/LED-Strips,3,1
357,355,Lighting-Flashlights-LEDs/LED-Lighting/LED-Downlights,3,2
358,355,Lighting-Flashlights-LEDs/LED-Lighting/LED-Spotlights,3,3
359,355,Lighting-Flashlights-LEDs/LED-Lighting/LED-String,3,4
361,355,Lighting-Flashlights-LEDs/LED-Lighting/LED-Headlamps,3,6
362,355,Lighting-Flashlights-LEDs/LED-Lighting/LED-Bar-Lights,3,7
363,355,Lighting-Flashlights-LEDs/LED-Lighting/LED-Panel-Lights,3,8
346,341,Cameras-Photo-Accessories/Bags-Cases-Straps/Others,3,5
364,355,Lighting-Flashlights-LEDs/LED-Lighting/LED-Modules,3,9
373,354,Lighting-Flashlights-LEDs/LED-Lamps,2,3
394,392,Lighting-Flashlights-LEDs/Indoor-Lighting/Ceiling-Lights,3,2
365,354,Lighting-Flashlights-LEDs/Light-Bulbs,2,2
366,365,Lighting-Flashlights-LEDs/Light-Bulbs/LED-Bulbs-Tubes,3,1
377,373,Lighting-Flashlights-LEDs/LED-Lamps/LED-Desk-Lamps,3,4
367,365,Lighting-Flashlights-LEDs/Light-Bulbs/High-Intensity-Discharge,3,2
351,347,Cameras-Photo-Accessories/GOPRO-Accessories/Waterproof-Protecting-Accessories,3,4
368,365,Lighting-Flashlights-LEDs/Light-Bulbs/Incandescent-Bulbs,3,3
369,365,Lighting-Flashlights-LEDs/Light-Bulbs/Halogen-Bulbs,3,4
371,365,Lighting-Flashlights-LEDs/Light-Bulbs/Ultraviolet-Lamps,3,6
372,365,Lighting-Flashlights-LEDs/Light-Bulbs/Neon-Bulbs-Tubes,3,7
374,373,Lighting-Flashlights-LEDs/LED-Lamps/LED-Solar-Lamps,3,1
375,373,Lighting-Flashlights-LEDs/LED-Lamps/LED-Indoor-Wall-Lamps,3,2
376,373,Lighting-Flashlights-LEDs/LED-Lamps/LED-Table-Lamps,3,3
379,373,Lighting-Flashlights-LEDs/LED-Lamps/LED-Underground-Lamps,3,6
380,373,Lighting-Flashlights-LEDs/LED-Lamps/LED-Outdoor-Wall-Lamps,3,7
381,373,Lighting-Flashlights-LEDs/LED-Lamps/LED-Lawn-Lamps,3,8
382,354,Lighting-Flashlights-LEDs/Flashlights,2,4
383,382,Lighting-Flashlights-LEDs/Flashlights/LED-Flashlights,3,1
384,383,Lighting-Flashlights-LEDs/Flashlights/LED-Flashlights/LED,4,1
385,382,Lighting-Flashlights-LEDs/Flashlights/LED-Keychain-flashlights,3,2
354,0,Lighting-Flashlights-LEDs,1,6
388,382,Lighting-Flashlights-LEDs/Flashlights/Chargers-batteries,3,5
360,355,Lighting-Flashlights-LEDs/LED-Lighting/LED-Grow-Lights,3,5
386,382,Lighting-Flashlights-LEDs/Flashlights/solar-powered-flashlights,3,3
387,382,Lighting-Flashlights-LEDs/Flashlights/Lasers-flashlights,3,4
389,382,Lighting-Flashlights-LEDs/Flashlights/Other-Flashlights,3,6
335,329,Cameras-Photo-Accessories/Strobe-Lighting-Photo-Studio-Accessories/Backgrounds,3,6
391,382,Lighting-Flashlights-LEDs/Flashlights/Headlight,3,8
343,341,Cameras-Photo-Accessories/Bags-Cases-Straps/Bags,3,2
337,329,Cameras-Photo-Accessories/Strobe-Lighting-Photo-Studio-Accessories/Photography-Props,3,8
338,329,Cameras-Photo-Accessories/Strobe-Lighting-Photo-Studio-Accessories/Studio-Light-Shed-Kits,3,9
395,392,Lighting-Flashlights-LEDs/Indoor-Lighting/Night-Lights,3,3
396,392,Lighting-Flashlights-LEDs/Indoor-Lighting/Chandeliers,3,4
355,354,Lighting-Flashlights-LEDs/LED-Lighting,2,1
390,382,Lighting-Flashlights-LEDs/Flashlights/Flashlight-Accessories,3,7
342,341,Cameras-Photo-Accessories/Bags-Cases-Straps/Bag-Case,3,1
401,392,Lighting-Flashlights-LEDs/Indoor-Lighting/Floor-Lamps,3,9
403,392,Lighting-Flashlights-LEDs/Indoor-Lighting/Chandelier-Crystal,3,11
349,347,Cameras-Photo-Accessories/GOPRO-Accessories/Wearing-Accessories,3,2
352,347,Cameras-Photo-Accessories/GOPRO-Accessories/Lens-Accessories,3,5
392,354,Lighting-Flashlights-LEDs/Indoor-Lighting,2,5
393,392,Lighting-Flashlights-LEDs/Indoor-Lighting/Pendant-Lights,3,1
399,392,Lighting-Flashlights-LEDs/Indoor-Lighting/Table-Lamps,3,7
344,341,Cameras-Photo-Accessories/Bags-Cases-Straps/Straps,3,3
348,347,Cameras-Photo-Accessories/GOPRO-Accessories/Self-shooting-Accessories,3,1
404,392,Lighting-Flashlights-LEDs/Indoor-Lighting/Spotlights,3,12
400,392,Lighting-Flashlights-LEDs/Indoor-Lighting/Desk-Lamps,3,8
406,392,Lighting-Flashlights-LEDs/Indoor-Lighting/Ceiling-Fans,3,14
407,392,Lighting-Flashlights-LEDs/Indoor-Lighting/Grille-Lamps,3,15
408,354,Lighting-Flashlights-LEDs/Outdoor-Lighting,2,6
475,469,Musical-Instruments/Brands/Aroma,3,6
424,420,Lighting-Flashlights-LEDs/Holiday-Lighting/LED-String,3,4
482,468,Musical-Instruments/Strings,2,2
483,482,Musical-Instruments/Strings/Guitar-Accessories,3,1
484,482,Musical-Instruments/Strings/Guitars,3,2
485,482,Musical-Instruments/Strings/Electric-Guitars,3,3
486,482,Musical-Instruments/Strings/Ukuleles,3,4
432,430,Lighting-Flashlights-LEDs/Business-Lights/Advertising-Lights,3,2
433,430,Lighting-Flashlights-LEDs/Business-Lights/Optic-Fiber-Lights,3,3
489,482,Musical-Instruments/Strings/Violins,3,7
438,436,Lighting-Flashlights-LEDs/Professional-Lighting/Industrial-Lighting,3,2
439,436,Lighting-Flashlights-LEDs/Professional-Lighting/Grow-Lights,3,3
440,436,Lighting-Flashlights-LEDs/Professional-Lighting/Emergency-Lights,3,4
426,420,Lighting-Flashlights-LEDs/Holiday-Lighting/LED-Table-Lamps,3,6
441,436,Lighting-Flashlights-LEDs/Professional-Lighting/Indicator-Lights,3,5
442,436,Lighting-Flashlights-LEDs/Professional-Lighting/Photographic-Lights,3,6
463,460,Lighting-Flashlights-LEDs/Other-LED-Lighting/Gun-Lasers/Blue-Laser,4,3
469,468,Musical-Instruments/Brands,2,1
443,436,Lighting-Flashlights-LEDs/Professional-Lighting/UV-GEL-Curing-Lights,3,7
420,354,Lighting-Flashlights-LEDs/Holiday-Lighting,2,7
467,459,Lighting-Flashlights-LEDs/Other-LED-Lighting/LED-Keychains,3,3
456,444,Lighting-Flashlights-LEDs/Lighting-Accessories/Flashlight-Mount-Holders,3,12
445,444,Lighting-Flashlights-LEDs/Lighting-Accessories/Lighting-Transformers,3,1
446,444,Lighting-Flashlights-LEDs/Lighting-Accessories/RGB-Controlers,3,2
447,444,Lighting-Flashlights-LEDs/Lighting-Accessories/Lamp-Bases,3,3
470,469,Musical-Instruments/Brands/NUX,3,1
448,444,Lighting-Flashlights-LEDs/Lighting-Accessories/Dimmers,3,4
450,444,Lighting-Flashlights-LEDs/Lighting-Accessories/Chandelier-Crystal,3,6
453,444,Lighting-Flashlights-LEDs/Lighting-Accessories/Wires-Cables,3,9
430,354,Lighting-Flashlights-LEDs/Business-Lights,2,8
449,444,Lighting-Flashlights-LEDs/Lighting-Accessories/Connectors,3,5
488,482,Musical-Instruments/Strings/Violin-Accessories,3,6
460,459,Lighting-Flashlights-LEDs/Other-LED-Lighting/Gun-Lasers,3,1
451,444,Lighting-Flashlights-LEDs/Lighting-Accessories/Switches,3,7
452,444,Lighting-Flashlights-LEDs/Lighting-Accessories/Lamp-Holder-Converters,3,8
454,444,Lighting-Flashlights-LEDs/Lighting-Accessories/Light-Beads,3,10
472,469,Musical-Instruments/Brands/Musedo,3,3
455,444,Lighting-Flashlights-LEDs/Lighting-Accessories/Ballasts,3,11
461,460,Lighting-Flashlights-LEDs/Other-LED-Lighting/Gun-Lasers/Red-Lasers,4,1
457,444,Lighting-Flashlights-LEDs/Lighting-Accessories/Lights-Lifters,3,13
476,469,Musical-Instruments/Brands/Caline,3,7
458,444,Lighting-Flashlights-LEDs/Lighting-Accessories/Starters,3,14
462,460,Lighting-Flashlights-LEDs/Other-LED-Lighting/Gun-Lasers/Green-Lasers,4,2
425,420,Lighting-Flashlights-LEDs/Holiday-Lighting/LED-Solar-Lamps,3,5
464,460,Lighting-Flashlights-LEDs/Other-LED-Lighting/Gun-Lasers/Purple-Laser,4,4
466,459,Lighting-Flashlights-LEDs/Other-LED-Lighting/Wireless-Presenters,3,2
478,469,Musical-Instruments/Brands/Flanger,3,9
479,469,Musical-Instruments/Brands/Fzone,3,10
471,469,Musical-Instruments/Brands/Cherub,3,2
477,469,Musical-Instruments/Brands/ENO,3,8
436,354,Lighting-Flashlights-LEDs/Professional-Lighting,2,9
481,469,Musical-Instruments/Brands/Meideal,3,12
428,420,Lighting-Flashlights-LEDs/Holiday-Lighting/Laser-Flashlights,3,8
429,420,Lighting-Flashlights-LEDs/Holiday-Lighting/Lanterns,3,9
431,430,Lighting-Flashlights-LEDs/Business-Lights/Stage-DJ-Lighting-Effect,3,1
487,482,Musical-Instruments/Strings/Electric-Bass,3,5
444,354,Lighting-Flashlights-LEDs/Lighting-Accessories,2,10
468,0,Musical-Instruments,1,7
427,420,Lighting-Flashlights-LEDs/Holiday-Lighting/Optic-Fiber-Lights,3,7
473,469,Musical-Instruments/Brands/JOYO,3,4
423,420,Lighting-Flashlights-LEDs/Holiday-Lighting/Night-Lights,3,3
415,408,Lighting-Flashlights-LEDs/Outdoor-Lighting/Street-Lights,3,7
417,408,Lighting-Flashlights-LEDs/Outdoor-Lighting/Lawn-Lamps,3,9
474,469,Musical-Instruments/Brands/Dr-J,3,5
419,408,Lighting-Flashlights-LEDs/Outdoor-Lighting/Path-Lights,3,11
421,420,Lighting-Flashlights-LEDs/Holiday-Lighting/LED-Strips,3,1
500,499,Musical-Instruments/Brass/Trumpets-Accessories,3,1
506,468,Musical-Instruments/Drums-Percussion,2,5
509,506,Musical-Instruments/Drums-Percussion/Timpanis,3,3
517,516,Musical-Instruments/Keyboards-Pianos/Pianos-Accessories,3,1
524,521,Musical-Instruments/Pro-Audio-Equipment/Speakers-Bullhorns,3,3
525,521,Musical-Instruments/Pro-Audio-Equipment/Cables-Interconnects,3,4
527,521,Musical-Instruments/Pro-Audio-Equipment/DJ-Accessories,3,6
528,521,Musical-Instruments/Pro-Audio-Equipment/Pop-Filters,3,7
499,468,Musical-Instruments/Brass,2,4
502,499,Musical-Instruments/Brass/Trombones-Accessories,3,3
503,499,Musical-Instruments/Brass/French-Horns-Accessories,3,4
504,499,Musical-Instruments/Brass/Tubas-Accessories,3,5
507,506,Musical-Instruments/Drums-Percussion/Snare-Drums-Bass-Drums-Accessories,3,1
508,506,Musical-Instruments/Drums-Percussion/Drum-Sets-Accessories,3,2
512,506,Musical-Instruments/Drums-Percussion/Tambourines-Accessories,3,6
513,506,Musical-Instruments/Drums-Percussion/Castanets-Accessories,3,7
514,506,Musical-Instruments/Drums-Percussion/Maracas-Accessories,3,8
515,506,Musical-Instruments/Drums-Percussion/Parts-Accessories,3,9
516,468,Musical-Instruments/Keyboards-Pianos,2,6
519,516,Musical-Instruments/Keyboards-Pianos/Electronic-Keyboards-Accessories,3,3
520,516,Musical-Instruments/Keyboards-Pianos/Parts-Accessories,3,4
521,468,Musical-Instruments/Pro-Audio-Equipment,2,7
522,521,Musical-Instruments/Pro-Audio-Equipment/Microphones,3,1
523,521,Musical-Instruments/Pro-Audio-Equipment/Stands-Holders,3,2
529,521,Musical-Instruments/Pro-Audio-Equipment/Parts-Accessories,3,8
494,492,Musical-Instruments/Woodwinds/Harmonicas-Accessories,3,2
526,521,Musical-Instruments/Pro-Audio-Equipment/Amplifiers,3,5
1378,1371,Car-Accessories/Car-Lighting-Lamps/LED-LightsLED,3,7
806,0,Health-Beauty,1,9
807,806,Health-Beauty/Makeup-Tools-Accessories,2,1
817,807,Health-Beauty/Makeup-Tools-Accessories/Others,3,10
818,806,Health-Beauty/Wig-Accessories,2,2
819,818,Health-Beauty/Wig-Accessories/Fashion-Wigs,3,1
820,818,Health-Beauty/Wig-Accessories/Cosplay-Wigs,3,2
821,818,Health-Beauty/Wig-Accessories/Gradient-Wigs,3,3
822,818,Health-Beauty/Wig-Accessories/Clip-In-Wigs,3,4
823,818,Health-Beauty/Wig-Accessories/Partial-Wigs,3,5
824,818,Health-Beauty/Wig-Accessories/Halloween-Wigs,3,6
825,818,Health-Beauty/Wig-Accessories/Hair-Extensions,3,7
826,818,Health-Beauty/Wig-Accessories/Wig-Hair-Bands,3,8
827,818,Health-Beauty/Wig-Accessories/Wig-Hair-Bags,3,9
828,818,Health-Beauty/Wig-Accessories/Caring-Tools,3,10
829,818,Health-Beauty/Wig-Accessories/Others,3,11
830,806,Health-Beauty/Hair-Care,2,3
831,830,Health-Beauty/Hair-Care/Hair-Dryers,3,1
832,830,Health-Beauty/Hair-Care/Curling-Straightening-Irons,3,2
833,830,Health-Beauty/Hair-Care/Hair-Scissors,3,3
1379,1371,Car-Accessories/Car-Lighting-Lamps/Neon-Lights,3,8
1380,1371,Car-Accessories/Car-Lighting-Lamps/Side-Marker-Lights,3,9
1381,1371,Car-Accessories/Car-Lighting-Lamps/Tail-Lights,3,10
808,807,Health-Beauty/Makeup-Tools-Accessories/Face,3,1
809,807,Health-Beauty/Makeup-Tools-Accessories/Eyes,3,2
810,807,Health-Beauty/Makeup-Tools-Accessories/Lips,3,3
812,807,Health-Beauty/Makeup-Tools-Accessories/Eyebrow-Shaping-Tools,3,5
813,807,Health-Beauty/Makeup-Tools-Accessories/Eyes-Tools-Accessories,3,6
814,807,Health-Beauty/Makeup-Tools-Accessories/Cosmetic-Bags,3,7
815,807,Health-Beauty/Makeup-Tools-Accessories/Cosmetic-Brushes,3,8
816,807,Health-Beauty/Makeup-Tools-Accessories/Skincare-Tools-Accessories,3,9
1362,0,Car-Accessories,1,15
1363,1362,Car-Accessories/Car-Air-Conditioning-Heat,2,1
1364,1363,Car-Accessories/Car-Air-Conditioning-Heat/A-C-Compressor-Clutch,3,1
1365,1363,Car-Accessories/Car-Air-Conditioning-Heat/A-C-Hoses-Fittings,3,2
1366,1363,Car-Accessories/Car-Air-Conditioning-Heat/A-C-Heater-Controls,3,3
1367,1363,Car-Accessories/Car-Air-Conditioning-Heat/Blower-Motors,3,4
1368,1363,Car-Accessories/Car-Air-Conditioning-Heat/Condensers-Evaporators,3,5
1369,1363,Car-Accessories/Car-Air-Conditioning-Heat/Heater-Parts,3,6
1370,1363,Car-Accessories/Car-Air-Conditioning-Heat/Other,3,7
1371,1362,Car-Accessories/Car-Lighting-Lamps,2,2
1372,1371,Car-Accessories/Car-Lighting-Lamps/Corner-Lights,3,1
1373,1371,Car-Accessories/Car-Lighting-Lamps/Fog-Driving-Lights,3,2
1374,1371,Car-Accessories/Car-Lighting-Lamps/Headlight-Tail-Light-Covers,3,3
1375,1371,Car-Accessories/Car-Lighting-Lamps/Headlights,3,4
1376,1371,Car-Accessories/Car-Lighting-Lamps/Instrument-Panel-Lights,3,5
1377,1371,Car-Accessories/Car-Lighting-Lamps/Interior-Lights,3,6
909,901,Apparel-Jewelry/Baby-Girls-Clothing/Sleepwear-Robes,3,8
856,806,Health-Beauty/Tattoos-Body-Art,2,7
912,901,Apparel-Jewelry/Baby-Girls-Clothing/Skirts,3,11
858,856,Health-Beauty/Tattoos-Body-Art/Tattoo-Power-Supplies,3,2
914,901,Apparel-Jewelry/Baby-Girls-Clothing/Swimwear,3,13
860,856,Health-Beauty/Tattoos-Body-Art/Eyebrow-Tattoo-Tools-Parts,3,4
863,806,Health-Beauty/DIY-Tools-Accessories,2,8
919,917,Apparel-Jewelry/Girls-Clothing/Clothing-Sets,3,2
865,864,Apparel-Jewelry/Women-s-Apparel,2,1
866,865,Apparel-Jewelry/Women-s-Apparel/Blazers-Coats,3,1
922,917,Apparel-Jewelry/Girls-Clothing/Tops-Tees,3,5
1383,1371,Car-Accessories/Car-Lighting-Lamps/Xenon-Lights,3,12
869,865,Apparel-Jewelry/Women-s-Apparel/Dresses,3,4
870,865,Apparel-Jewelry/Women-s-Apparel/Tops-Vests,3,5
871,865,Apparel-Jewelry/Women-s-Apparel/Jumpsuits-Rompers,3,6
859,856,Health-Beauty/Tattoos-Body-Art/Tattoo-Tools-Parts,3,3
874,865,Apparel-Jewelry/Women-s-Apparel/Swimwear,3,9
886,884,Apparel-Jewelry/Sexy-Lingerie/Men-s-Lingerie,3,2
838,835,Health-Beauty/Nail-Care/Nail-Art-Decorations,3,3
896,887,Apparel-Jewelry/Baby-Boys-Clothing/Underwear-Diaper-Covers,3,9
872,865,Apparel-Jewelry/Women-s-Apparel/Hosiery-Leggings,3,7
897,887,Apparel-Jewelry/Baby-Boys-Clothing/Shorts,3,10
862,856,Health-Beauty/Tattoos-Body-Art/Body-Art-Accessories,3,6
899,887,Apparel-Jewelry/Baby-Boys-Clothing/Tops,3,12
900,887,Apparel-Jewelry/Baby-Boys-Clothing/Swimwear,3,13
895,887,Apparel-Jewelry/Baby-Boys-Clothing/Outerwear-Coats,3,8
839,835,Health-Beauty/Nail-Care/Nail-Art-Nursing-Machines,3,4
887,864,Apparel-Jewelry/Baby-Boys-Clothing,2,4
873,865,Apparel-Jewelry/Women-s-Apparel/Underwear,3,8
868,865,Apparel-Jewelry/Women-s-Apparel/Shirts-Blouses,3,3
877,876,Apparel-Jewelry/Men-s-Apparel/Jeans-Pants,3,1
875,865,Apparel-Jewelry/Women-s-Apparel/Socks,3,10
876,864,Apparel-Jewelry/Men-s-Apparel,2,2
920,917,Apparel-Jewelry/Girls-Clothing/Accessories,3,3
841,835,Health-Beauty/Nail-Care/Foot-Care,3,6
898,887,Apparel-Jewelry/Baby-Boys-Clothing/Sweaters,3,11
843,806,Health-Beauty/Oral-Care,2,5
878,876,Apparel-Jewelry/Men-s-Apparel/Jackets-Coats,3,2
844,806,Health-Beauty/Health-Personal-Care,2,6
848,844,Health-Beauty/Health-Personal-Care/Aromatherapy-Products-Accessories,3,4
880,876,Apparel-Jewelry/Men-s-Apparel/Underwear,3,4
881,876,Apparel-Jewelry/Men-s-Apparel/Suits-Blazers,3,5
888,887,Apparel-Jewelry/Baby-Boys-Clothing/Clothing-Sets,3,1
901,864,Apparel-Jewelry/Baby-Girls-Clothing,2,5
882,876,Apparel-Jewelry/Men-s-Apparel/Socks,3,6
883,876,Apparel-Jewelry/Men-s-Apparel/Swimmer,3,7
903,901,Apparel-Jewelry/Baby-Girls-Clothing/Bodysuits-One-Pieces,3,2
847,844,Health-Beauty/Health-Personal-Care/Wax-Therapy-Instruments-Accessories,3,3
853,844,Health-Beauty/Health-Personal-Care/Massage-Tools,3,9
890,887,Apparel-Jewelry/Baby-Boys-Clothing/Accessories,3,3
891,887,Apparel-Jewelry/Baby-Boys-Clothing/Socks-Leg-Warmers,3,4
904,901,Apparel-Jewelry/Baby-Girls-Clothing/Accessories,3,3
837,835,Health-Beauty/Nail-Care/Nail-Polish-Sets-Kits,3,2
905,901,Apparel-Jewelry/Baby-Girls-Clothing/Dresses,3,4
910,901,Apparel-Jewelry/Baby-Girls-Clothing/Shorts,3,9
884,864,Apparel-Jewelry/Sexy-Lingerie,2,3
911,901,Apparel-Jewelry/Baby-Girls-Clothing/Underwear-Diaper-Covers-Bloomers,3,10
855,844,Health-Beauty/Health-Personal-Care/Adult-Products,3,11
885,884,Apparel-Jewelry/Sexy-Lingerie/Women-s-Lingerie,3,1
857,856,Health-Beauty/Tattoos-Body-Art/Tattoo-Machines,3,1
913,901,Apparel-Jewelry/Baby-Girls-Clothing/Hoodies-Sweatshirts,3,12
892,887,Apparel-Jewelry/Baby-Boys-Clothing/Pants,3,5
889,887,Apparel-Jewelry/Baby-Boys-Clothing/Bodysuits-One-Pieces,3,2
893,887,Apparel-Jewelry/Baby-Boys-Clothing/Sleepwear-Robes,3,6
907,901,Apparel-Jewelry/Baby-Girls-Clothing/Pants,3,6
915,901,Apparel-Jewelry/Baby-Girls-Clothing/Sweaters,3,14
918,917,Apparel-Jewelry/Girls-Clothing/Dresses,3,1
921,917,Apparel-Jewelry/Girls-Clothing/Outerwear-Coats,3,4
867,865,Apparel-Jewelry/Women-s-Apparel/Knitwear,3,2
894,887,Apparel-Jewelry/Baby-Boys-Clothing/Hoodies-Sweatshirts,3,7
849,844,Health-Beauty/Health-Personal-Care/Slimming-Equipment-Accessories,3,5
908,901,Apparel-Jewelry/Baby-Girls-Clothing/Outerwear-Coats,3,7
864,0,Apparel-Jewelry,1,10
1384,1371,Car-Accessories/Car-Lighting-Lamps/Other,3,13
1385,1362,Car-Accessories/Car-Safety-Security,2,3
1386,1385,Car-Accessories/Car-Safety-Security/Air-Bags,3,1
1387,1385,Car-Accessories/Car-Safety-Security/Air-Bags-Parts,3,2
1388,1385,Car-Accessories/Car-Safety-Security/Anti-Theft-Devices,3,3
1389,1385,Car-Accessories/Car-Safety-Security/Car-Alarms,3,4
1390,1385,Car-Accessories/Car-Safety-Security/Fire-Extinguishers,3,5
1382,1371,Car-Accessories/Car-Lighting-Lamps/Turn-Signals,3,11
995,983,Apparel-Jewelry/Watches/Fashion-Dress-Watches,3,12
939,935,Apparel-Jewelry/Boys-Clothing/Tops-Tees,3,4
996,983,Apparel-Jewelry/Watches/Bracelet-Ring-Watches,3,13
997,983,Apparel-Jewelry/Watches/Pocket-Fob-Watches,3,14
943,935,Apparel-Jewelry/Boys-Clothing/Blouses-Shirts,3,8
1001,999,Apparel-Jewelry/Fashion-Jewelry/Bracelets-Bangles,3,2
1004,999,Apparel-Jewelry/Fashion-Jewelry/Jewelry-Sets,3,5
1005,999,Apparel-Jewelry/Fashion-Jewelry/Hair-Jewelry,3,6
1006,999,Apparel-Jewelry/Fashion-Jewelry/Tie-Clips-Cufflinks,3,7
1007,999,Apparel-Jewelry/Fashion-Jewelry/Brooches,3,8
1008,999,Apparel-Jewelry/Fashion-Jewelry/Charms,3,9
954,864,Apparel-Jewelry/Hats-Caps,2,9
955,864,Apparel-Jewelry/Hip-Scarves,2,10
956,864,Apparel-Jewelry/Bridesmaid-Dresses,2,11
957,864,Apparel-Jewelry/Scarves-Shawls,2,12
958,864,Apparel-Jewelry/Accessories,2,13
949,935,Apparel-Jewelry/Boys-Clothing/Sleepwear-Robes,3,14
969,959,Apparel-Jewelry/Women-s-Shoes/Mules-Clogs,3,10
990,983,Apparel-Jewelry/Watches/Sports-watch,3,7
979,978,Apparel-Jewelry/Bags/Men-s-Bags/Men-s-Handbags,4,1
953,864,Apparel-Jewelry/Skirts,2,8
940,935,Apparel-Jewelry/Boys-Clothing/Pants,3,5
959,864,Apparel-Jewelry/Women-s-Shoes,2,14
989,983,Apparel-Jewelry/Watches/Water-Resistant-Watches,3,6
981,978,Apparel-Jewelry/Bags/Men-s-Bags/Men-s-Wallets,4,3
1392,1385,Car-Accessories/Car-Safety-Security/Remote-Car-Start,3,7
993,983,Apparel-Jewelry/Watches/Business-Watches,3,10
961,959,Apparel-Jewelry/Women-s-Shoes/Pumps,3,2
962,959,Apparel-Jewelry/Women-s-Shoes/Women-s-Fashion-Sneakers,3,3
970,864,Apparel-Jewelry/Bags,2,15
971,970,Apparel-Jewelry/Bags/Women-s-Bags,3,1
973,971,Apparel-Jewelry/Bags/Women-s-Bags/Backpack,4,2
963,959,Apparel-Jewelry/Women-s-Shoes/Flats,3,4
964,959,Apparel-Jewelry/Women-s-Shoes/Sandals,3,5
965,959,Apparel-Jewelry/Women-s-Shoes/Slippers,3,6
966,959,Apparel-Jewelry/Women-s-Shoes/Oxfords,3,7
974,971,Apparel-Jewelry/Bags/Women-s-Bags/Crossbody-Bags,4,3
991,983,Apparel-Jewelry/Watches/Children-s-Watches,3,8
980,978,Apparel-Jewelry/Bags/Men-s-Bags/Men-s-Backpacks,4,2
937,935,Apparel-Jewelry/Boys-Clothing/Accessories,3,2
938,935,Apparel-Jewelry/Boys-Clothing/Outerwear-Coats,3,3
975,971,Apparel-Jewelry/Bags/Women-s-Bags/Cluches-Bags,4,4
982,970,Apparel-Jewelry/Bags/Luggage-Travel-Bags,3,3
967,959,Apparel-Jewelry/Women-s-Shoes/Boat-Shoes,3,8
998,983,Apparel-Jewelry/Watches/Watch-Accessories,3,15
968,959,Apparel-Jewelry/Women-s-Shoes/Loafers,3,9
976,971,Apparel-Jewelry/Bags/Women-s-Bags/Wallets,4,5
950,935,Apparel-Jewelry/Boys-Clothing/Underwear,3,15
942,935,Apparel-Jewelry/Boys-Clothing/Hoodies-Sweatshirts,3,7
977,971,Apparel-Jewelry/Bags/Women-s-Bags/Cosmatic-Bags,4,6
951,935,Apparel-Jewelry/Boys-Clothing/Shorts,3,16
1009,999,Apparel-Jewelry/Fashion-Jewelry/Body-Jewelry,3,10
978,970,Apparel-Jewelry/Bags/Men-s-Bags,3,2
985,983,Apparel-Jewelry/Watches/Mechanical-Watch,3,2
928,917,Apparel-Jewelry/Girls-Clothing/Sweaters,3,11
929,917,Apparel-Jewelry/Girls-Clothing/Jeans,3,12
983,864,Apparel-Jewelry/Watches,2,16
984,983,Apparel-Jewelry/Watches/Brand-Watches,3,1
987,983,Apparel-Jewelry/Watches/LED-Watches,3,4
931,917,Apparel-Jewelry/Girls-Clothing/Sleepwear-Robes,3,14
936,935,Apparel-Jewelry/Boys-Clothing/Clothing-Sets,3,1
1000,999,Apparel-Jewelry/Fashion-Jewelry/Necklaces-Pendants,3,1
992,983,Apparel-Jewelry/Watches/Vintage-Watches,3,9
1002,999,Apparel-Jewelry/Fashion-Jewelry/Earrings,3,3
946,935,Apparel-Jewelry/Boys-Clothing/Jeans,3,11
1003,999,Apparel-Jewelry/Fashion-Jewelry/Rings,3,4
948,935,Apparel-Jewelry/Boys-Clothing/Socks,3,13
1010,999,Apparel-Jewelry/Fashion-Jewelry/Anklets,3,11
1011,864,Apparel-Jewelry/Jewelry-Supplies,2,18
1012,1011,Apparel-Jewelry/Jewelry-Supplies/Jewelry-Scale,3,1
1014,1011,Apparel-Jewelry/Jewelry-Supplies/Jewelry-Display-Stand,3,3
1015,1011,Apparel-Jewelry/Jewelry-Supplies/Keychain,3,4
930,917,Apparel-Jewelry/Girls-Clothing/Socks-Tights-Leggings,3,13
960,959,Apparel-Jewelry/Women-s-Shoes/Boots,3,1
988,983,Apparel-Jewelry/Watches/Army-Watches,3,5
932,917,Apparel-Jewelry/Girls-Clothing/Underwear,3,15
1393,1385,Car-Accessories/Car-Safety-Security/Seat-Belts-Parts,3,8
947,935,Apparel-Jewelry/Boys-Clothing/Suits-Blazers,3,12
924,917,Apparel-Jewelry/Girls-Clothing/Skirts,3,7
1394,1385,Car-Accessories/Car-Safety-Security/Other,3,9
1395,1362,Car-Accessories/Car-Air-Intake-Fuel-Delivery,2,4
1396,1395,Car-Accessories/Car-Air-Intake-Fuel-Delivery/Air-Cleaner-Assemblies,3,1
1397,1395,Car-Accessories/Car-Air-Intake-Fuel-Delivery/Air-Intake-Systems,3,2
1398,1395,Car-Accessories/Car-Air-Intake-Fuel-Delivery/Carburetors,3,3
1391,1385,Car-Accessories/Car-Safety-Security/Keyless-Entry-Remote-Fob,3,6
1027,1019,Home-and-Garden/Festive-Party-Supplies,2,2
1090,1089,Home-and-Garden/Stationeries/Learning-Education,3,1
1035,1032,Home-and-Garden/Baby-Supplies/Mummy-package,3,3
1094,1019,Home-and-Garden/Yard-Garden,2,12
1038,1036,Home-and-Garden/Safety-Security/CCTV-Cameras,3,2
1039,1036,Home-and-Garden/Safety-Security/Baby-Monitor,3,3
1040,1036,Home-and-Garden/Safety-Security/Door-Access-Doorbell,3,4
1041,1036,Home-and-Garden/Safety-Security/Wireless-Camera-Receiver,3,5
1042,1036,Home-and-Garden/Safety-Security/Two-Way-Radio,3,6
1043,1036,Home-and-Garden/Safety-Security/Video-monitor,3,7
1100,1019,Home-and-Garden/Antiques-Craftwork,2,13
1101,1100,Home-and-Garden/Antiques-Craftwork/Bone-Netsuke,3,1
1103,1100,Home-and-Garden/Antiques-Craftwork/Coin,3,3
1048,1019,Home-and-Garden/Pet-Supplies,2,5
1099,1094,Home-and-Garden/Yard-Garden/Watering-Irrigation,3,5
1050,1048,Home-and-Garden/Pet-Supplies/Collars,3,2
1059,1054,Home-and-Garden/Home-living/Housekeeping-Gadgets,3,5
1080,1078,Home-and-Garden/Home-Electronics/Air-Purifier,3,2
1053,1048,Home-and-Garden/Pet-Supplies/Fish-Aquatic-pets,3,5
1049,1048,Home-and-Garden/Pet-Supplies/Dog-Clothing,3,1
1051,1048,Home-and-Garden/Pet-Supplies/Pet-Toys,3,3
1036,1019,Home-and-Garden/Safety-Security,2,4
1056,1054,Home-and-Garden/Home-living/Bath,3,2
1057,1054,Home-and-Garden/Home-living/Bedding,3,3
1052,1048,Home-and-Garden/Pet-Supplies/Pet-Beds-Grooming,3,4
1084,1078,Home-and-Garden/Home-Electronics/Small-Appliances,3,6
1054,1019,Home-and-Garden/Home-living,2,6
1055,1054,Home-and-Garden/Home-living/Faucets,3,1
1058,1054,Home-and-Garden/Home-living/Plugs-Sockets,3,4
1060,1054,Home-and-Garden/Home-living/Storage-Organization,3,6
1061,1054,Home-and-Garden/Home-living/Pest-Control,3,7
1062,1054,Home-and-Garden/Home-living/Home-Textile,3,8
1063,1054,Home-and-Garden/Home-living/Cups-kettle,3,9
1064,1019,Home-and-Garden/Kitchen-Dining-bar,2,7
1065,1064,Home-and-Garden/Kitchen-Dining-bar/Bakeware,3,1
1066,1064,Home-and-Garden/Kitchen-Dining-bar/Barbecue-Supplies,3,2
1071,1019,Home-and-Garden/Home-Decor,2,8
1067,1064,Home-and-Garden/Kitchen-Dining-bar/Cooking-Tools,3,3
1068,1064,Home-and-Garden/Kitchen-Dining-bar/Dinnerware,3,4
1087,1086,Home-and-Garden/Lighter-Cigar-Supplies/Lighter,3,1
1069,1064,Home-and-Garden/Kitchen-Dining-bar/Barware,3,5
1075,1071,Home-and-Garden/Home-Decor/Decoration,3,4
1078,1019,Home-and-Garden/Home-Electronics,2,9
1070,1064,Home-and-Garden/Kitchen-Dining-bar/Others,3,6
1025,1020,Home-and-Garden/Lifestyle-Gadgest/Keychains,3,5
1072,1071,Home-and-Garden/Home-Decor/Wall-Stickers,3,1
1034,1032,Home-and-Garden/Baby-Supplies/Baby-Safety-Health,3,2
1073,1071,Home-and-Garden/Home-Decor/Decorative-Painting,3,2
1019,0,Home-and-Garden,1,11
1077,1071,Home-and-Garden/Home-Decor/Other-home-decoration,3,6
1079,1078,Home-and-Garden/Home-Electronics/Vacuums-Floor-Care,3,1
1024,1020,Home-and-Garden/Lifestyle-Gadgest/Glasses,3,4
1085,1078,Home-and-Garden/Home-Electronics/Telephones-Accessories,3,7
1102,1100,Home-and-Garden/Antiques-Craftwork/Snuffbottle,3,2
1047,1036,Home-and-Garden/Safety-Security/Alarms-Secuity-Padlock,3,11
1082,1078,Home-and-Garden/Home-Electronics/Air-conditioning-fans,3,4
1037,1036,Home-and-Garden/Safety-Security/IP-Cameras,3,1
1076,1071,Home-and-Garden/Home-Decor/Decorative-DIY-kit,3,5
1088,1086,Home-and-Garden/Lighter-Cigar-Supplies/Cigar-Supplies,3,2
1083,1078,Home-and-Garden/Home-Electronics/Radio-Clocks,3,5
1086,1019,Home-and-Garden/Lighter-Cigar-Supplies,2,10
1023,1020,Home-and-Garden/Lifestyle-Gadgest/Energy-Saving-Gadgest,3,3
1089,1019,Home-and-Garden/Stationeries,2,11
1091,1089,Home-and-Garden/Stationeries/Painting-Calligraphy,3,2
1092,1089,Home-and-Garden/Stationeries/Office-Supplies,3,3
1095,1094,Home-and-Garden/Yard-Garden/Garden-Supplies,3,1
1096,1094,Home-and-Garden/Yard-Garden/Garden-Landscaping-Decking,3,2
1044,1036,Home-and-Garden/Safety-Security/Fire-Safety,3,8
1046,1036,Home-and-Garden/Safety-Security/Personal-Defense-Equipment,3,10
1400,1395,Car-Accessories/Car-Air-Intake-Fuel-Delivery/Chokes,3,5
1081,1078,Home-and-Garden/Home-Electronics/Humidifier,3,3
1401,1395,Car-Accessories/Car-Air-Intake-Fuel-Delivery/Fuel-Inject-Controls-Parts-,3,6
1026,1020,Home-and-Garden/Lifestyle-Gadgest/Other-Lifestyle-Gadgest,3,6
1032,1019,Home-and-Garden/Baby-Supplies,2,3
1033,1032,Home-and-Garden/Baby-Supplies/Baby-Gear,3,1
1020,1019,Home-and-Garden/Lifestyle-Gadgest,2,1
1402,1395,Car-Accessories/Car-Air-Intake-Fuel-Delivery/Fuel-Injectors,3,7
1403,1395,Car-Accessories/Car-Air-Intake-Fuel-Delivery/Fuel-Pumps,3,8
1404,1395,Car-Accessories/Car-Air-Intake-Fuel-Delivery/Fuel-Tanks,3,9
1405,1395,Car-Accessories/Car-Air-Intake-Fuel-Delivery/Intake-Manifold,3,10
1406,1395,Car-Accessories/Car-Air-Intake-Fuel-Delivery/Sensors,3,11
1399,1395,Car-Accessories/Car-Air-Intake-Fuel-Delivery/Carburetor-Parts,3,4
1172,1109,RC-Models-Hobbies/RC-Toys,2,8
1178,1172,RC-Models-Hobbies/RC-Toys/Boat-Toys-Parts,3,6
1180,1109,RC-Models-Hobbies/FPV-system,2,9
1181,1180,RC-Models-Hobbies/FPV-system/Image-Transmission,3,1
1129,1122,RC-Models-Hobbies/Walkera/CP-Helicopter-Parts,3,7
1130,1122,RC-Models-Hobbies/Walkera/V120D02S-Parts,3,8
1132,1122,RC-Models-Hobbies/Walkera/V450D01-V450D03-Parts,3,10
1189,1188,RC-Models-Hobbies/Multicopter/Multicopter-Propellers,3,1
1134,1122,RC-Models-Hobbies/Walkera/G-2D-Parts,3,12
1192,1188,RC-Models-Hobbies/Multicopter/Multicopter-Other-Parts,3,4
1136,1122,RC-Models-Hobbies/Walkera/Walkera-Other-Parts,3,14
1193,1109,RC-Models-Hobbies/Airplane,2,12
1195,1193,RC-Models-Hobbies/Airplane/Airplane-Tires,3,2
1139,1137,RC-Models-Hobbies/HSP/1-24TH-RC-Car-Parts,3,2
1140,1137,RC-Models-Hobbies/HSP/1-14TH-RC-Car-Parts,3,3
1141,1137,RC-Models-Hobbies/HSP/1-16TH-RC-Car-Parts,3,4
1161,1159,RC-Models-Hobbies/Hubsan/Hubsan-H107-Series-Parts,3,2
1142,1137,RC-Models-Hobbies/HSP/1-10TH-RC-Car-Parts,3,5
1109,0,RC-Models-Hobbies,1,12
1164,1162,RC-Models-Hobbies/Emax/MT-Motors,3,2
1143,1137,RC-Models-Hobbies/HSP/1-8TH-RC-Car-Parts,3,6
1165,1162,RC-Models-Hobbies/Emax/GT-Motors,3,3
1144,1137,RC-Models-Hobbies/HSP/HSP-Other-Parts,3,7
1145,1109,RC-Models-Hobbies/SYMA,2,4
1166,1162,RC-Models-Hobbies/Emax/GF-Motors,3,4
1146,1145,RC-Models-Hobbies/SYMA/Syma-Multicopter,3,1
1162,1109,RC-Models-Hobbies/Emax,2,7
1137,1109,RC-Models-Hobbies/HSP,2,3
1147,1145,RC-Models-Hobbies/SYMA/Syma-Helicopter,3,2
1110,1109,RC-Models-Hobbies/DJI,2,1
1153,1150,RC-Models-Hobbies/WLtoys/WLtoys-Airplane,3,3
1149,1145,RC-Models-Hobbies/SYMA/Syma-Helicopter-Parts,3,4
1114,1110,RC-Models-Hobbies/DJI/Flame-Wheel-Parts,3,4
1115,1110,RC-Models-Hobbies/DJI/Tuned-Propulsion-Systems,3,5
1176,1172,RC-Models-Hobbies/RC-Toys/Car-Toys-Parts,3,4
1150,1109,RC-Models-Hobbies/WLtoys,2,5
1151,1150,RC-Models-Hobbies/WLtoys/WLtoys-Multicopter,3,1
1152,1150,RC-Models-Hobbies/WLtoys/WLtoys-Helicopter,3,2
1154,1150,RC-Models-Hobbies/WLtoys/WLtoys-Car,3,4
1155,1150,RC-Models-Hobbies/WLtoys/WLtoys-Multicopter-Parts,3,5
1116,1110,RC-Models-Hobbies/DJI/S800-S800-EVO-Parts,3,6
1156,1150,RC-Models-Hobbies/WLtoys/WLtoys-Helicopter-Parts,3,6
1157,1150,RC-Models-Hobbies/WLtoys/WLtoys-Car-Parts,3,7
1158,1150,RC-Models-Hobbies/WLtoys/WLtoys-Airplane-Parts,3,8
1159,1109,RC-Models-Hobbies/Hubsan,2,6
1160,1159,RC-Models-Hobbies/Hubsan/Hubsan-Quadcopter,3,1
1163,1162,RC-Models-Hobbies/Emax/XA2212-Series,3,1
1108,1100,Home-and-Garden/Antiques-Craftwork/Others,3,8
1138,1137,RC-Models-Hobbies/HSP/HSP-Car,3,1
1167,1162,RC-Models-Hobbies/Emax/BL-Motors,3,5
1177,1172,RC-Models-Hobbies/RC-Toys/Boat-Toys,3,5
1168,1162,RC-Models-Hobbies/Emax/CF-Motors,3,6
1169,1162,RC-Models-Hobbies/Emax/EMAX-Servo,3,7
1174,1172,RC-Models-Hobbies/RC-Toys/Airplane-Toys-Parts,3,2
1124,1122,RC-Models-Hobbies/Walkera/Helicopter-Airplane,3,2
1119,1110,RC-Models-Hobbies/DJI/DJI-Flight-Controllers,3,9
1122,1109,RC-Models-Hobbies/Walkera,2,2
1126,1122,RC-Models-Hobbies/Walkera/Tail-H500-Parts,3,4
1182,1180,RC-Models-Hobbies/FPV-system/FPV-Gimbal,3,2
1188,1109,RC-Models-Hobbies/Multicopter,2,11
1183,1180,RC-Models-Hobbies/FPV-system/Other-FPV-Parts,3,3
1184,1109,RC-Models-Hobbies/Fight-Control-System,2,10
1133,1122,RC-Models-Hobbies/Walkera/Hifa-Parts,3,11
1190,1188,RC-Models-Hobbies/Multicopter/Multicopter-Frame,3,2
1135,1122,RC-Models-Hobbies/Walkera/Walkera-Transmitter-Receiver,3,13
1408,1395,Car-Accessories/Car-Air-Intake-Fuel-Delivery/Other,3,13
1170,1162,RC-Models-Hobbies/Emax/EMAX-ESC,3,8
1113,1110,RC-Models-Hobbies/DJI/Inspire-Parts,3,3
1173,1172,RC-Models-Hobbies/RC-Toys/Airplane-Toys,3,1
1175,1172,RC-Models-Hobbies/RC-Toys/Car-Toys,3,3
1409,1362,Car-Accessories/Car-Brakes,2,5
1410,1409,Car-Accessories/Car-Brakes/ABS-System-PartsABS,3,1
1120,1110,RC-Models-Hobbies/DJI/DJI-Gimbals,3,10
1121,1110,RC-Models-Hobbies/DJI/DJI-Other-Parts,3,11
1127,1122,RC-Models-Hobbies/Walkera/W100S-Parts,3,5
1128,1122,RC-Models-Hobbies/Walkera/QR-Y100-Parts,3,6
1107,1100,Home-and-Garden/Antiques-Craftwork/Smoking-Pipe,3,7
1411,1409,Car-Accessories/Car-Brakes/Brake-Hoses,3,2
1412,1409,Car-Accessories/Car-Brakes/Brake-Lines,3,3
1413,1409,Car-Accessories/Car-Brakes/Caliper-Parts,3,4
1414,1409,Car-Accessories/Car-Brakes/Discs-Rotors-Hardware-,3,5
1415,1409,Car-Accessories/Car-Brakes/Drums-Hardware,3,6
1416,1409,Car-Accessories/Car-Brakes/Master-Cylinders-Parts,3,7
1417,1409,Car-Accessories/Car-Brakes/Pads-Shoes,3,8
1418,1409,Car-Accessories/Car-Brakes/Parking-Brake-Cables,3,9
1407,1395,Car-Accessories/Car-Air-Intake-Fuel-Delivery/Throttle-Body,3,12
1209,1208,RC-Models-Hobbies/General-Electrinic-Parts/Motor,3,1
1216,1214,RC-Models-Hobbies/Transmitter-Receiver/FlySky-Transmitter-Receiver,3,2
1273,1266,Toys-Games/Learning-Education/Playdough,3,7
1275,1274,Toys-Games/Novelty-Toys/Joke-Monsters-Toys,3,1
1277,1274,Toys-Games/Novelty-Toys/Solar-Toys,3,3
1223,1220,RC-Models-Hobbies/RC-Model-Battery/Lion-Power-Series,3,3
1282,1278,Toys-Games/Outdoor-Fun-Sports/Inflatable-Bouncers,3,4
1225,1109,RC-Models-Hobbies/Charger,2,18
1226,1225,RC-Models-Hobbies/Charger/Charger-Adaptor,3,1
1283,1278,Toys-Games/Outdoor-Fun-Sports/Kites-Accessories,3,5
1228,1109,RC-Models-Hobbies/RC-Tools-Tester,2,19
1229,1228,RC-Models-Hobbies/RC-Tools-Tester/RC-Tools,3,1
1230,1228,RC-Models-Hobbies/RC-Tools-Tester/Other-General-Tools,3,2
1420,1409,Car-Accessories/Car-Brakes/Trailer-Brakes,3,11
1232,1228,RC-Models-Hobbies/RC-Tools-Tester/Servo-Tester,3,4
1233,1228,RC-Models-Hobbies/RC-Tools-Tester/Propeller-Blades-Tester,3,5
1205,1203,RC-Models-Hobbies/Helicopter/Helicopter-Blades,3,2
1234,1228,RC-Models-Hobbies/RC-Tools-Tester/Other-Tester,3,6
1235,0,Toys-Games,1,13
1236,1235,Toys-Games/Baby-Toys,2,1
1220,1109,RC-Models-Hobbies/RC-Model-Battery,2,17
1239,1236,Toys-Games/Baby-Toys/Baby-Rattles,3,3
1256,1254,Toys-Games/Dolls-Stuffed-Toys/Dolls,3,2
1237,1236,Toys-Games/Baby-Toys/Play-Mats,3,1
1276,1274,Toys-Games/Novelty-Toys/Glow-in-the-Dark-Toys,3,2
1245,1240,Toys-Games/Classic-Toys/Stickers,3,5
1238,1236,Toys-Games/Baby-Toys/Baby-Books,3,2
1240,1235,Toys-Games/Classic-Toys,2,2
1249,1240,Toys-Games/Classic-Toys/TV-Movie-Character-Models,3,9
1246,1240,Toys-Games/Classic-Toys/Yoyos,3,6
1253,1240,Toys-Games/Classic-Toys/Windmill,3,13
1242,1240,Toys-Games/Classic-Toys/Pretend-Play,3,2
1203,1109,RC-Models-Hobbies/Helicopter,2,14
1261,1235,Toys-Games/Electronic-Toys,2,4
1243,1240,Toys-Games/Classic-Toys/Bath-Toy,3,3
1279,1278,Toys-Games/Outdoor-Fun-Sports/Bubbles,3,1
1247,1240,Toys-Games/Classic-Toys/Noise-Maker,3,7
1224,1220,RC-Models-Hobbies/RC-Model-Battery/Other-RC-Battery,3,4
1250,1240,Toys-Games/Classic-Toys/Toy-Vehicles,3,10
1210,1208,RC-Models-Hobbies/General-Electrinic-Parts/ESC,3,2
1222,1220,RC-Models-Hobbies/RC-Model-Battery/YKS-Series,3,2
1248,1240,Toys-Games/Classic-Toys/Kaleidoscope,3,8
1266,1235,Toys-Games/Learning-Education,2,5
1251,1240,Toys-Games/Classic-Toys/Models-Building-Toy,3,11
1252,1240,Toys-Games/Classic-Toys/Animation-Models,3,12
1254,1235,Toys-Games/Dolls-Stuffed-Toys,2,3
1255,1254,Toys-Games/Dolls-Stuffed-Toys/Doll-Houses,3,1
1285,1278,Toys-Games/Outdoor-Fun-Sports/Toy-Balls,3,7
1257,1254,Toys-Games/Dolls-Stuffed-Toys/Stuffed-Animals-Plush,3,3
1202,1197,RC-Models-Hobbies/Car/Other-Car-Parts,3,5
1227,1225,RC-Models-Hobbies/Charger/Other-Charger-Parts,3,2
1258,1254,Toys-Games/Dolls-Stuffed-Toys/Puppets,3,4
1259,1254,Toys-Games/Dolls-Stuffed-Toys/Plush-Backpacks,3,5
1284,1278,Toys-Games/Outdoor-Fun-Sports/Ride-On-Toys,3,6
1286,1278,Toys-Games/Outdoor-Fun-Sports/Toy-Guns,3,8
1204,1203,RC-Models-Hobbies/Helicopter/RC-Helicopter,3,1
1207,1203,RC-Models-Hobbies/Helicopter/Other-Helicopter-Parts,3,4
1208,1109,RC-Models-Hobbies/General-Electrinic-Parts,2,15
1265,1261,Toys-Games/Electronic-Toys/Toy-Walkie-Talkies,3,4
1267,1266,Toys-Games/Learning-Education/Drawing-Toys,3,1
1199,1197,RC-Models-Hobbies/Car/Car-Tires,3,2
1268,1266,Toys-Games/Learning-Education/Learning-Machines,3,2
1269,1266,Toys-Games/Learning-Education/Math-Toys,3,3
1214,1109,RC-Models-Hobbies/Transmitter-Receiver,2,16
1271,1266,Toys-Games/Learning-Education/DIY-Toys,3,5
1272,1266,Toys-Games/Learning-Education/Puzzles-Intelligent,3,6
1231,1228,RC-Models-Hobbies/RC-Tools-Tester/Voltage-Tester,3,3
1217,1214,RC-Models-Hobbies/Transmitter-Receiver/Other-Transmitter-Receiver,3,3
1278,1235,Toys-Games/Outdoor-Fun-Sports,2,7
1244,1240,Toys-Games/Classic-Toys/Spinning-Tops,3,4
1262,1261,Toys-Games/Electronic-Toys/Electronic-Pets,3,1
1270,1266,Toys-Games/Learning-Education/Magic-Magician-Supplies,3,4
1263,1261,Toys-Games/Electronic-Toys/Toy-Cameras,3,2
1264,1261,Toys-Games/Electronic-Toys/Toy-Phones,3,3
1215,1214,RC-Models-Hobbies/Transmitter-Receiver/RadioLink-Transmitter-Receiver,3,1
1421,1409,Car-Accessories/Car-Brakes/Wheel-Cylinders-Parts,3,12
1422,1409,Car-Accessories/Car-Brakes/Other,3,13
1423,1362,Car-Accessories/Car-Charging-Starting-Systems,2,6
1424,1423,Car-Accessories/Car-Charging-Starting-Systems/Alternators-Generators,3,1
1425,1423,Car-Accessories/Car-Charging-Starting-Systems/Alternators-Generators-Parts,3,2
1426,1423,Car-Accessories/Car-Charging-Starting-Systems/Batteries,3,3
1427,1423,Car-Accessories/Car-Charging-Starting-Systems/Battery-Cables-Connectors,3,4
1428,1423,Car-Accessories/Car-Charging-Starting-Systems/Battery-Trays,3,5
1419,1409,Car-Accessories/Car-Brakes/Sensors-Switches,3,10
178,170,Test-Equipment-Tools/Electrical-Testing/EMF-Meters,3,8
1346,1340,Video-Audio/A-V-Accessories-Adapters-Cables/S-Video-Cables-Adapters,3,6
17,2,Tablet-PC-Cellphone/Cell-Phones/ZOPO,3,15
137,132,Sports-Outdoor/Beach-Sports/Diving-Mask-Snorkels-,3,5
112,111,Sports-Outdoor/Hunting/Sighting-Telescope,3,1
2,1,Tablet-PC-Cellphone/Cell-Phones,2,1
93,84,Sports-Outdoor/Fishing/Fishing-Lights,3,9
1349,1340,Video-Audio/A-V-Accessories-Adapters-Cables/DP-Connectors-Adapters,3,9
1350,1340,Video-Audio/A-V-Accessories-Adapters-Cables/Wii-Adapters,3,10
1296,1289,Toys-Games/Video-Games/Accessories-for-PC,3,7
1353,1340,Video-Audio/A-V-Accessories-Adapters-Cables/RCA-Connectors-Adapters,3,13
157,155,Sports-Outdoor/Travel-Accessories/OthersTravel-Accessories,3,2
1354,1302,Video-Audio/Other-Consumer-Electronics,2,6
1311,1303,Video-Audio/HDD-Player/Bluetooth-Receivers,3,8
1355,1302,Video-Audio/Digital-Video-Recorders,2,7
1307,1303,Video-Audio/HDD-Player/DVD-VCD-Player,3,4
1358,1357,Video-Audio/Headset/Wireless-bluetooth-headphone,3,1
1303,1302,Video-Audio/HDD-Player,2,1
1360,1357,Video-Audio/Headset/Limitid-headphone,3,3
1341,1340,Video-Audio/A-V-Accessories-Adapters-Cables/Audio-Cables-Connecoors,3,1
1361,1357,Video-Audio/Headset/Infrared-headphone,3,4
1356,1302,Video-Audio/Chargers-Adapters,2,8
1308,1303,Video-Audio/HDD-Player/Wireless-Display-Dongle,3,5
1430,1423,Car-Accessories/Car-Charging-Starting-Systems/Starters-Parts,3,7
1343,1340,Video-Audio/A-V-Accessories-Adapters-Cables/HDMI-Cables-Adapters,3,3
1340,1302,Video-Audio/A-V-Accessories-Adapters-Cables,2,5
1309,1303,Video-Audio/HDD-Player/Satellite-Receivers,3,6
1319,1303,Video-Audio/HDD-Player/Other-Multi-Media-Video-Player,3,16
1312,1303,Video-Audio/HDD-Player/Bluetooth-Transmitter,3,9
1333,1330,Video-Audio/Projector-Accessories/DLP-Projectors,3,3
1342,1340,Video-Audio/A-V-Accessories-Adapters-Cables/Video-Splitters-Switches,3,2
1320,1302,Video-Audio/Speakers-Karaoke,2,2
1321,1320,Video-Audio/Speakers-Karaoke/Mini-speakers,3,1
1313,1303,Video-Audio/HDD-Player/DVB-set-top-box,3,10
1322,1320,Video-Audio/Speakers-Karaoke/Radios,3,2
1323,1320,Video-Audio/Speakers-Karaoke/CD-Players-Recorders,3,3
1335,1330,Video-Audio/Projector-Accessories/Projector-Accessories,3,5
1310,1303,Video-Audio/HDD-Player/TV-Accessories,3,7
1324,1320,Video-Audio/Speakers-Karaoke/Microphone-Mic-for-Karaoke,3,4
1325,1320,Video-Audio/Speakers-Karaoke/USB-Speakers,3,5
1326,1320,Video-Audio/Speakers-Karaoke/Waterproof-mp3,3,6
1345,1340,Video-Audio/A-V-Accessories-Adapters-Cables/VGA-Cables-Adapters,3,5
1327,1320,Video-Audio/Speakers-Karaoke/Voice-Changer,3,7
1344,1340,Video-Audio/A-V-Accessories-Adapters-Cables/Toslink-Optical-Cables-Adapters,3,4
1315,1303,Video-Audio/HDD-Player/Blu-ray-Player,3,12
1289,1235,Toys-Games/Video-Games,2,8
1328,1320,Video-Audio/Speakers-Karaoke/Home-Speakers,3,8
1347,1340,Video-Audio/A-V-Accessories-Adapters-Cables/DVI-Cables-Adapters,3,7
1316,1303,Video-Audio/HDD-Player/Wireless-Wifi-Audio-Receiver,3,13
1348,1340,Video-Audio/A-V-Accessories-Adapters-Cables/AV-Cables-Adapters,3,8
88,84,Sports-Outdoor/Fishing/Fishing-Lures,3,4
1292,1289,Toys-Games/Video-Games/Accessories-for-Xbox-360,3,3
1329,1320,Video-Audio/Speakers-Karaoke/Karaoke-Player-for-PC-Phone,3,9
1317,1303,Video-Audio/HDD-Player/Digital-Mdeia-Receivers,3,14
1336,1302,Video-Audio/3D-Glasses-Video-Glasses,2,4
1318,1303,Video-Audio/HDD-Player/HDD-Media-Players,3,15
1293,1289,Toys-Games/Video-Games/Accessories-for-SONY-PS3,3,4
1357,1302,Video-Audio/Headset,2,9
1330,1302,Video-Audio/Projector-Accessories,2,3
1337,1336,Video-Audio/3D-Glasses-Video-Glasses/DIY-Google-Cardboard-3D-Glasses,3,1
1338,1336,Video-Audio/3D-Glasses-Video-Glasses/Smart-Video-3D-Glasses,3,2
1302,0,Video-Audio,1,14
1339,1336,Video-Audio/3D-Glasses-Video-Glasses/Virtual-Video-Glasses,3,3
1295,1289,Toys-Games/Video-Games/Accessories-for-SONY-PS2,3,6
1351,1340,Video-Audio/A-V-Accessories-Adapters-Cables/Video-Collection-box,3,11
1352,1340,Video-Audio/A-V-Accessories-Adapters-Cables/PS2-3-4-XBOX-Accessories,3,12
1359,1357,Video-Audio/Headset/Game-headphone,3,2
1297,1289,Toys-Games/Video-Games/Accessories-for-PSP-GO,3,8
1298,1289,Toys-Games/Video-Games/China-Game-Console,3,9
1301,1289,Toys-Games/Video-Games/Accessories-for-Xbox-One,3,12
1431,1423,Car-Accessories/Car-Charging-Starting-Systems/Voltage-Regulators,3,8
1304,1303,Video-Audio/HDD-Player/TV-Dongle-Accessories,3,1
1305,1303,Video-Audio/HDD-Player/Smart-Android-TV-Player-Box,3,2
1306,1303,Video-Audio/HDD-Player/HDD-Media-player,3,3
1432,1423,Car-Accessories/Car-Charging-Starting-Systems/Other,3,9
1433,1362,Car-Accessories/Car-Computer-Chip-Cruise-Control-,2,7
1434,1433,Car-Accessories/Car-Computer-Chip-Cruise-Control-/Cruise-Control-Units,3,1
1435,1433,Car-Accessories/Car-Computer-Chip-Cruise-Control-/Engine-Computers,3,2
1429,1423,Car-Accessories/Car-Charging-Starting-Systems/Starters,3,6
1196,1193,RC-Models-Hobbies/Airplane/Other-Airplane-Parts,3,3
409,408,Lighting-Flashlights-LEDs/Outdoor-Lighting/Lighting-Strings,3,1
845,844,Health-Beauty/Health-Personal-Care/Testing-Equipment-Accessories,3,1
1198,1197,RC-Models-Hobbies/Car/RC-Car,3,1
255,251,Computer-Networking/Cables-Connectors/RS232-Series,3,4
259,258,Computer-Networking/Laptops-Notebooks/Laptop-Chargers-Adapters,3,1
1446,1362,Car-Accessories/Car-Decals-Emblems-License-Frames-,2,9
846,844,Health-Beauty/Health-Personal-Care/Spa-Equipment-Accessories,3,2
850,844,Health-Beauty/Health-Personal-Care/Body-Care-Sets-Kits,3,6
260,258,Computer-Networking/Laptops-Notebooks/Laptop-Batteries,3,2
1447,1446,Car-Accessories/Car-Decals-Emblems-License-Frames-/Decals-Stickers,3,1
1105,1100,Home-and-Garden/Antiques-Craftwork/Boxwood-Wood-Teaspoon,3,5
952,935,Apparel-Jewelry/Boys-Clothing/Overalls,3,17
265,264,Computer-Networking/Networking-Communications/Network-Cables-Connectors,3,1
413,408,Lighting-Flashlights-LEDs/Outdoor-Lighting/Outdoor-Wall-Lamps,3,5
285,284,Cameras-Photo-Accessories/Flashes-Flash-Accessories/Flashes-Speedlites,3,1
1448,1446,Car-Accessories/Car-Decals-Emblems-License-Frames-/Emblems,3,2
1449,1446,Car-Accessories/Car-Decals-Emblems-License-Frames-/License-Plate-Frames,3,3
179,170,Test-Equipment-Tools/Electrical-Testing/Frequency-Counters-Pulse-Generators,3,9
193,189,Test-Equipment-Tools/Environal-Measurement-Instruments/Water-Quality-Analysis-Instrument,3,4
972,971,Apparel-Jewelry/Bags/Women-s-Bags/Handbags,4,1
198,189,Test-Equipment-Tools/Environal-Measurement-Instruments/Featured-Pressure-Vacuum-Products,3,9
309,307,Cameras-Photo-Accessories/Other-Camera-Accessories/LCD-Screens-Screen-Protectors,3,2
36,35,Tablet-PC-Cellphone/Accessories-for-Cell-Phones/Power-Banks,3,1
1290,1289,Toys-Games/Video-Games/Accessories-for-Nintedo-Wii,3,1
331,329,Cameras-Photo-Accessories/Strobe-Lighting-Photo-Studio-Accessories/Reflectors,3,2
334,329,Cameras-Photo-Accessories/Strobe-Lighting-Photo-Studio-Accessories/Light-Sheds,3,5
994,983,Apparel-Jewelry/Watches/Casual-Style-Watches,3,11
1018,1016,Apparel-Jewelry/Jewelry-Design-Repair/Jewelry-Tools,3,2
1450,1446,Car-Accessories/Car-Decals-Emblems-License-Frames-/Other,3,4
437,436,Lighting-Flashlights-LEDs/Professional-Lighting/Stage-DJ-Lighting-Effect,3,1
1451,1362,Car-Accessories/Car-Electric-Vehicle-Parts,2,10
1148,1145,RC-Models-Hobbies/SYMA/Syma-Multicopter-Parts,3,3
1021,1020,Home-and-Garden/Lifestyle-Gadgest/Housekeeping-Organization,3,1
465,460,Lighting-Flashlights-LEDs/Other-LED-Lighting/Gun-Lasers/Gun-Mounts-Lasers-Accessories,4,5
493,492,Musical-Instruments/Woodwinds/Saxophones-Accessories,3,1
1314,1303,Video-Audio/HDD-Player/MP3-MP4-MP5-Players,3,11
336,329,Cameras-Photo-Accessories/Strobe-Lighting-Photo-Studio-Accessories/Studio-Light-Tripods,3,7
1334,1330,Video-Audio/Projector-Accessories/Smart-Projector,3,4
1452,1451,Car-Accessories/Car-Electric-Vehicle-Parts/Accessories,3,1
1453,1451,Car-Accessories/Car-Electric-Vehicle-Parts/Chargers-Service-Equipment,3,2
1187,1184,RC-Models-Hobbies/Fight-Control-System/Other-Flight-Control-Parts,3,3
55,53,Tablet-PC-Cellphone/Tablet-PC-Accessories/Tablet-PC-Protection-Covers,3,2
923,917,Apparel-Jewelry/Girls-Clothing/Pants,3,6
811,807,Health-Beauty/Makeup-Tools-Accessories/Face-Cleaning-Tools,3,4
927,917,Apparel-Jewelry/Girls-Clothing/Swimwear,3,10
836,835,Health-Beauty/Nail-Care/Nail-Polish,3,1
1436,1433,Car-Accessories/Car-Computer-Chip-Cruise-Control-/Performance-Chips,3,3
1437,1433,Car-Accessories/Car-Computer-Chip-Cruise-Control-/Other,3,4
1438,1362,Car-Accessories/Car-Cooling-System,2,8
1439,1438,Car-Accessories/Car-Cooling-System/Fans-Kits,3,1
1440,1438,Car-Accessories/Car-Cooling-System/Hoses-Clamps,3,2
1441,1438,Car-Accessories/Car-Cooling-System/Oil-Coolers,3,3
1442,1438,Car-Accessories/Car-Cooling-System/Radiators-Parts,3,4
1443,1438,Car-Accessories/Car-Cooling-System/Thermostats-Parts,3,5
1444,1438,Car-Accessories/Car-Cooling-System/Water-Pumps,3,6
1445,1438,Car-Accessories/Car-Cooling-System/Other,3,7
840,835,Health-Beauty/Nail-Care/Nail-Dryers,3,5
117,115,Sports-Outdoor/Sports-Body-Building-/Physical-Fitness,3,2
195,189,Test-Equipment-Tools/Environal-Measurement-Instruments/Anemometer,3,6
1201,1197,RC-Models-Hobbies/Car/Yikong-Parts,3,4
1123,1122,RC-Models-Hobbies/Walkera/Walkera-Multicopter,3,1
410,408,Lighting-Flashlights-LEDs/Outdoor-Lighting/Solar-Lamps,3,2
69,64,Sports-Outdoor/Cycling/Bike-Tools,3,5
1200,1197,RC-Models-Hobbies/Car/ZD-Racing-Parts,3,3
934,917,Apparel-Jewelry/Girls-Clothing/Overalls,3,17
902,901,Apparel-Jewelry/Baby-Girls-Clothing/Clothing-Sets,3,1
1212,1208,RC-Models-Hobbies/General-Electrinic-Parts/Cables-Plugs,3,4
1260,1254,Toys-Games/Dolls-Stuffed-Toys/Stuffed-Plush-Plants,3,6
1022,1020,Home-and-Garden/Lifestyle-Gadgest/Temp-Heater-Glue-Gun,3,2
925,917,Apparel-Jewelry/Girls-Clothing/Hoodies-Sweatshirts,3,8
235,227,Computer-Networking/Computer-Accessories/Webcams-PC-Cameras,3,8
156,155,Sports-Outdoor/Travel-Accessories/Storage-Containers,3,1
1045,1036,Home-and-Garden/Safety-Security/First-Aid-Kits-Protection-Equipment,3,9
1017,1016,Apparel-Jewelry/Jewelry-Design-Repair/DIY-Jewelry,3,1
347,277,Cameras-Photo-Accessories/GOPRO-Accessories,2,11
370,365,Lighting-Flashlights-LEDs/Light-Bulbs/Energy-Saving-Fluorescent,3,5
1171,1162,RC-Models-Hobbies/Emax/EMAX-Other-Parts,3,9
397,392,Lighting-Flashlights-LEDs/Indoor-Lighting/Downlights,3,5
1455,1451,Car-Accessories/Car-Electric-Vehicle-Parts/Converters-Inverters,3,4
4,2,Tablet-PC-Cellphone/Cell-Phones/HUAWEI,3,2
184,170,Test-Equipment-Tools/Electrical-Testing/Power-Meters,3,14
95,84,Sports-Outdoor/Fishing/Fishing-Wear,3,11
1104,1100,Home-and-Garden/Antiques-Craftwork/Wood-Base,3,4
99,98,Sports-Outdoor/Camping-Hiking/Headlamps,3,1
926,917,Apparel-Jewelry/Girls-Clothing/Blouses-Shirts,3,9
185,170,Test-Equipment-Tools/Electrical-Testing/Spectrum-Analyzers,3,15
1112,1110,RC-Models-Hobbies/DJI/Phantom-Series-Parts,3,2
1074,1071,Home-and-Garden/Home-Decor/Decorative-flowers-simulation-flowers,3,3
51,35,Tablet-PC-Cellphone/Accessories-for-Cell-Phones/Smart-Equipments-Accessories,3,16
1241,1240,Toys-Games/Classic-Toys/Balloons,3,1
45,35,Tablet-PC-Cellphone/Accessories-for-Cell-Phones/Apple-Accessories,3,10
1287,1278,Toys-Games/Outdoor-Fun-Sports/Toy-Swings,3,9
118,115,Sports-Outdoor/Sports-Body-Building-/Yoga,3,3
70,64,Sports-Outdoor/Cycling/Bike-Computer,3,6
1213,1208,RC-Models-Hobbies/General-Electrinic-Parts/Other-Electrinic-Parts,3,5
10,2,Tablet-PC-Cellphone/Cell-Phones/UMI,3,8
89,84,Sports-Outdoor/Fishing/Fishing-Hooks,3,5
210,207,Test-Equipment-Tools/Measurement-Instrument/Others,3,3
1016,864,Apparel-Jewelry/Jewelry-Design-Repair,2,19
518,516,Musical-Instruments/Keyboards-Pianos/Accordions-Accessories,3,2
90,84,Sports-Outdoor/Fishing/Fishing-Floats,3,6
339,329,Cameras-Photo-Accessories/Strobe-Lighting-Photo-Studio-Accessories/Studio-Flash-Kits,3,10
155,63,Sports-Outdoor/Travel-Accessories,2,9
1291,1289,Toys-Games/Video-Games/Accessories-for-NDSL-NDSI,3,2
29,2,Tablet-PC-Cellphone/Cell-Phones/JIAKE,3,27
1456,1451,Car-Accessories/Car-Electric-Vehicle-Parts/Conversion-Kits,3,5
340,329,Cameras-Photo-Accessories/Strobe-Lighting-Photo-Studio-Accessories/Others,3,11
327,318,Cameras-Photo-Accessories/DSLR-Video-Supports-Rigs/Camera-Cages,3,9
104,98,Sports-Outdoor/Camping-Hiking/Camping-Lantern,3,6
110,98,Sports-Outdoor/Camping-Hiking/Camping-Furniture,3,12
189,159,Test-Equipment-Tools/Environal-Measurement-Instruments,2,4
341,277,Cameras-Photo-Accessories/Bags-Cases-Straps,2,10
291,284,Cameras-Photo-Accessories/Flashes-Flash-Accessories/Others,3,7
353,347,Cameras-Photo-Accessories/GOPRO-Accessories/Others,3,6
414,408,Lighting-Flashlights-LEDs/Outdoor-Lighting/Underwater-Lights,3,6
267,264,Computer-Networking/Networking-Communications/Networking-Telecom-Tools,3,3
491,482,Musical-Instruments/Strings/Parts-Accessories,3,9
498,492,Musical-Instruments/Woodwinds/Parts-Accessories,3,6
266,264,Computer-Networking/Networking-Communications/Modems-Hubs-Switches,3,2
378,373,Lighting-Flashlights-LEDs/LED-Lamps/LED-Underwater-Lights,3,5
333,329,Cameras-Photo-Accessories/Strobe-Lighting-Photo-Studio-Accessories/Softboxes,3,4
459,354,Lighting-Flashlights-LEDs/Other-LED-Lighting,2,11
416,408,Lighting-Flashlights-LEDs/Outdoor-Lighting/Underground-Lamps,3,8
879,876,Apparel-Jewelry/Men-s-Apparel/T-shirts-Polo,3,3
1457,1451,Car-Accessories/Car-Electric-Vehicle-Parts/Electric-Vehicle-Batteries,3,6
1458,1451,Car-Accessories/Car-Electric-Vehicle-Parts/Motors,3,7
1459,1451,Car-Accessories/Car-Electric-Vehicle-Parts/Other,3,8
1460,1362,Car-Accessories/Car-Emission-System,2,11
1461,1460,Car-Accessories/Car-Emission-System/Air-Bypass-Valves,3,1
1462,1460,Car-Accessories/Car-Emission-System/EGR-Valves-PartsEGR,3,2
1454,1451,Car-Accessories/Car-Electric-Vehicle-Parts/Controllers,3,3
1718,1706,Car-Accessories/Boat-Parts/Outboard-Engines-Components,3,12
422,420,Lighting-Flashlights-LEDs/Holiday-Lighting/Stage-Lighting-Effect,3,2
501,499,Musical-Instruments/Brass/Cornets-Accessories,3,2
1464,1460,Car-Accessories/Car-Emission-System/Smog-Air-Pumps,3,4
1465,1460,Car-Accessories/Car-Emission-System/Other,3,5
1521,1496,Car-Accessories/Car-Exterior/Truck-Bed-Accessories,3,25
1522,1496,Car-Accessories/Car-Exterior/Trunk-Lids-Parts,3,26
1523,1496,Car-Accessories/Car-Exterior/Windshield-Wiper-Blades,3,27
1524,1496,Car-Accessories/Car-Exterior/Windshield-Wiper-Systems,3,28
1525,1496,Car-Accessories/Car-Exterior/Other,3,29
1526,1362,Car-Accessories/Car-Filters,2,15
1527,1526,Car-Accessories/Car-Filters/Air-Filters,3,1
1528,1526,Car-Accessories/Car-Filters/Fuel-Filters,3,2
1529,1526,Car-Accessories/Car-Filters/Oil-Filters,3,3
1530,1526,Car-Accessories/Car-Filters/Transmission-Filters,3,4
1531,1526,Car-Accessories/Car-Filters/Other,3,5
1532,1362,Car-Accessories/Car-Gaskets,2,16
1533,1532,Car-Accessories/Car-Gaskets/Cyl-Head-Valve-Cover-GasketCYL-,3,1
1535,1532,Car-Accessories/Car-Gaskets/Full-Set-Gaskets,3,3
1536,1532,Car-Accessories/Car-Gaskets/Intake-Gaskets,3,4
1537,1532,Car-Accessories/Car-Gaskets/Oil-Pan-Gaskets,3,5
1483,1466,Car-Accessories/Car-Engines-Components/Valve-Covers,3,17
1539,1362,Car-Accessories/Car-Gauges,2,17
1540,1539,Car-Accessories/Car-Gauges/Boost-Gauges,3,1
1486,1362,Car-Accessories/Car-Exhaust,2,13
1487,1486,Car-Accessories/Car-Exhaust/Catalytic-Converters,3,1
1543,1539,Car-Accessories/Car-Gauges/Gauge-Trim,3,4
1489,1486,Car-Accessories/Car-Exhaust/Exhaust-Manifolds,3,3
1491,1486,Car-Accessories/Car-Exhaust/Exhaust-Systems,3,5
1492,1486,Car-Accessories/Car-Exhaust/Hangers-Clamps-Flanges-,3,6
1493,1486,Car-Accessories/Car-Exhaust/Heat-Risers,3,7
1494,1486,Car-Accessories/Car-Exhaust/Mufflers,3,8
1495,1486,Car-Accessories/Car-Exhaust/Other,3,9
1496,1362,Car-Accessories/Car-Exterior,2,14
1497,1496,Car-Accessories/Car-Exterior/Air-Dams,3,1
1498,1496,Car-Accessories/Car-Exterior/Antennas,3,2
1499,1496,Car-Accessories/Car-Exterior/Body-Kits,3,3
1500,1496,Car-Accessories/Car-Exterior/Bras,3,4
1501,1496,Car-Accessories/Car-Exterior/Bug-Shields,3,5
1502,1496,Car-Accessories/Car-Exterior/Bumpers,3,6
1503,1496,Car-Accessories/Car-Exterior/Car-Covers,3,7
1505,1496,Car-Accessories/Car-Exterior/Exterior-Door-Panels-FramesExterior-Door-Panels-Frames,3,9
1506,1496,Car-Accessories/Car-Exterior/Exterior-Door-Handles,3,10
1507,1496,Car-Accessories/Car-Exterior/Fenders,3,11
1508,1496,Car-Accessories/Car-Exterior/Grilles,3,12
1509,1496,Car-Accessories/Car-Exterior/Hoods,3,13
1510,1496,Car-Accessories/Car-Exterior/Locks-Hardware,3,14
1511,1496,Car-Accessories/Car-Exterior/Mirrors,3,15
1512,1496,Car-Accessories/Car-Exterior/Mouldings-TrimTrim,3,16
1513,1496,Car-Accessories/Car-Exterior/Nerf-Bars-Running-Boards,3,17
1514,1496,Car-Accessories/Car-Exterior/Racks,3,18
1515,1496,Car-Accessories/Car-Exterior/Snow-Plows-Parts,3,19
1516,1496,Car-Accessories/Car-Exterior/Splash-Guards-Mud-Flaps,3,20
1517,1496,Car-Accessories/Car-Exterior/Spoilers-Wings,3,21
1518,1496,Car-Accessories/Car-Exterior/Sunroof-Convertible-Hardtop-,3,22
1519,1496,Car-Accessories/Car-Exterior/Tailgates-LiftgatesLiftgates,3,23
1520,1496,Car-Accessories/Car-Exterior/Towing-Hauling,3,24
1466,1362,Car-Accessories/Car-Engines-Components,2,12
1467,1466,Car-Accessories/Car-Engines-Components/Belts-Pulleys-Brackets-,3,1
1468,1466,Car-Accessories/Car-Engines-Components/Block-Parts,3,2
1469,1466,Car-Accessories/Car-Engines-Components/Camshafts-Lifters-Parts-,3,3
1470,1466,Car-Accessories/Car-Engines-Components/Complete-Engines,3,4
1471,1466,Car-Accessories/Car-Engines-Components/Crankshafts-Parts,3,5
1472,1466,Car-Accessories/Car-Engines-Components/Cylinder-Heads-Parts,3,6
1473,1466,Car-Accessories/Car-Engines-Components/Engine-Bearings,3,7
1474,1466,Car-Accessories/Car-Engines-Components/Engine-Rebuilding-Kits,3,8
1475,1466,Car-Accessories/Car-Engines-Components/Motor-Mounts,3,9
1476,1466,Car-Accessories/Car-Engines-Components/Oil-Filler-Caps,3,10
1477,1466,Car-Accessories/Car-Engines-Components/Oil-Pans,3,11
1534,1532,Car-Accessories/Car-Gaskets/Exhaust-Gaskets,3,2
1479,1466,Car-Accessories/Car-Engines-Components/Pistons-Rings-Rods-Parts-,3,13
1480,1466,Car-Accessories/Car-Engines-Components/Rocker-Arms-Parts,3,14
1481,1466,Car-Accessories/Car-Engines-Components/Timing-Components,3,15
1482,1466,Car-Accessories/Car-Engines-Components/Vacuum-Pumps,3,16
1538,1532,Car-Accessories/Car-Gaskets/Other,3,6
1484,1466,Car-Accessories/Car-Engines-Components/Valves-Parts,3,18
1485,1466,Car-Accessories/Car-Engines-Components/Other,3,19
1541,1539,Car-Accessories/Car-Gauges/Clocks,3,2
1542,1539,Car-Accessories/Car-Gauges/Fuel-Gauges,3,3
1488,1486,Car-Accessories/Car-Exhaust/Exhaust-Headers,3,2
1544,1539,Car-Accessories/Car-Gauges/Glow-Gauges,3,5
1490,1486,Car-Accessories/Car-Exhaust/Exhaust-Pipes-Tips,3,4
511,506,Musical-Instruments/Drums-Percussion/Triangles,3,5
510,506,Musical-Instruments/Drums-Percussion/Xylophones-Accessories,3,4
434,430,Lighting-Flashlights-LEDs/Business-Lights/Laser-Flashlights,3,4
1547,1539,Car-Accessories/Car-Gauges/Panel-Gauges,3,8
480,469,Musical-Instruments/Brands/Alice,3,11
435,430,Lighting-Flashlights-LEDs/Business-Lights/Professional-Lighting,3,5
1603,1591,Car-Accessories/Car-Suspension-Steering/Strut-Bars,3,12
1549,1539,Car-Accessories/Car-Gauges/Tachometers,3,10
1605,1591,Car-Accessories/Car-Suspension-Steering/Tie-Rod-Linkages,3,14
1551,1539,Car-Accessories/Car-Gauges/Volt-Meters,3,12
1607,1362,Car-Accessories/Car-Transmission-Drivetrain,2,22
1553,1539,Car-Accessories/Car-Gauges/Other,3,14
1609,1607,Car-Accessories/Car-Transmission-Drivetrain/Axle-Parts,3,2
1610,1607,Car-Accessories/Car-Transmission-Drivetrain/CV-PartsCV,3,3
1556,1554,Car-Accessories/Car-Glass/Auto-Seals,3,2
1557,1554,Car-Accessories/Car-Glass/Window-Tint,3,3
1613,1607,Car-Accessories/Car-Transmission-Drivetrain/Flywheels-Flexplates-Parts-Flexplates,3,6
1559,1554,Car-Accessories/Car-Glass/Other,3,5
1560,1362,Car-Accessories/Car-Ignition-System,2,19
1616,1607,Car-Accessories/Car-Transmission-Drivetrain/Shifters,3,9
1618,1607,Car-Accessories/Car-Transmission-Drivetrain/Transmission-Rebuild-Kits,3,11
1564,1560,Car-Accessories/Car-Ignition-System/Electronic-Ignition,3,4
1565,1560,Car-Accessories/Car-Ignition-System/Ignition-Wires,3,5
1566,1560,Car-Accessories/Car-Ignition-System/Key-Blanks,3,6
1622,1621,Car-Accessories/Car-Turbos-Nitrous-Superchargers-/Nitrous-Parts,3,1
1569,1362,Car-Accessories/Car-Interior,2,20
1570,1569,Car-Accessories/Car-Interior/Cargo-Nets-Trays-Liners-,3,1
1571,1569,Car-Accessories/Car-Interior/Consoles-Parts,3,2
1572,1569,Car-Accessories/Car-Interior/Cup-Holders,3,3
1573,1569,Car-Accessories/Car-Interior/Dash-Parts,3,4
1574,1569,Car-Accessories/Car-Interior/Floor-Mats-Carpets,3,5
1575,1569,Car-Accessories/Car-Interior/Glove-Boxes,3,6
1576,1569,Car-Accessories/Car-Interior/Interior-Door-Handles,3,7
1577,1569,Car-Accessories/Car-Interior/Interior-Door-Panels-Parts,3,8
1578,1569,Car-Accessories/Car-Interior/Mirrors,3,9
1579,1569,Car-Accessories/Car-Interior/Pedals-Pads,3,10
1580,1569,Car-Accessories/Car-Interior/Seats,3,11
1581,1569,Car-Accessories/Car-Interior/Seat-Belt-Shoulder-Pads,3,12
1582,1569,Car-Accessories/Car-Interior/Seat-Covers,3,13
1583,1569,Car-Accessories/Car-Interior/Shift-Knobs-Boots,3,14
1584,1569,Car-Accessories/Car-Interior/Steering-Wheels-Horns,3,15
1585,1569,Car-Accessories/Car-Interior/Sun-Visors,3,16
1586,1569,Car-Accessories/Car-Interior/Switches-Controls,3,17
1587,1569,Car-Accessories/Car-Interior/Trim,3,18
1588,1569,Car-Accessories/Car-Interior/Window-Cranks-Parts,3,19
1590,1569,Car-Accessories/Car-Interior/Other,3,21
1591,1362,Car-Accessories/Car-Suspension-Steering,2,21
1592,1591,Car-Accessories/Car-Suspension-Steering/Ball-Joints,3,1
1593,1591,Car-Accessories/Car-Suspension-Steering/Caster-Camber-Kits,3,2
1594,1591,Car-Accessories/Car-Suspension-Steering/Coil-Springs,3,3
1595,1591,Car-Accessories/Car-Suspension-Steering/Control-Arms-Parts,3,4
1596,1591,Car-Accessories/Car-Suspension-Steering/Leaf-Springs,3,5
1597,1591,Car-Accessories/Car-Suspension-Steering/Lift-Kits-Parts,3,6
1598,1591,Car-Accessories/Car-Suspension-Steering/Lower-Kits-Parts,3,7
1599,1591,Car-Accessories/Car-Suspension-Steering/Pitman-Idler-Arms,3,8
1601,1591,Car-Accessories/Car-Suspension-Steering/Steering-Racks-Gear-Boxes,3,10
1546,1539,Car-Accessories/Car-Gauges/Oil-Pressure-Gauges,3,7
1602,1591,Car-Accessories/Car-Suspension-Steering/Shocks-Struts,3,11
1548,1539,Car-Accessories/Car-Gauges/Speedometers,3,9
1604,1591,Car-Accessories/Car-Suspension-Steering/Sway-Bars,3,13
1550,1539,Car-Accessories/Car-Gauges/Vacuum-Gauges,3,11
1606,1591,Car-Accessories/Car-Suspension-Steering/Other,3,15
1552,1539,Car-Accessories/Car-Gauges/Water-Temp-Gauges,3,13
1608,1607,Car-Accessories/Car-Transmission-Drivetrain/Automatic-Transmission-Parts,3,1
1554,1362,Car-Accessories/Car-Glass,2,18
1555,1554,Car-Accessories/Car-Glass/Auto-Glass,3,1
1611,1607,Car-Accessories/Car-Transmission-Drivetrain/Clutches-Parts,3,4
1612,1607,Car-Accessories/Car-Transmission-Drivetrain/Differentials-Parts,3,5
1558,1554,Car-Accessories/Car-Glass/Windshields,3,4
1614,1607,Car-Accessories/Car-Transmission-Drivetrain/Manual-Transmission-Parts,3,7
1615,1607,Car-Accessories/Car-Transmission-Drivetrain/Pressure-Plates,3,8
1617,1607,Car-Accessories/Car-Transmission-Drivetrain/Torque-Converters,3,10
1563,1560,Car-Accessories/Car-Ignition-System/Distributors-Parts,3,3
1619,1607,Car-Accessories/Car-Transmission-Drivetrain/Universal-Joints-Driveshafts,3,12
1620,1607,Car-Accessories/Car-Transmission-Drivetrain/Other,3,13
1621,1362,Car-Accessories/Car-Turbos-Nitrous-Superchargers-,2,23
1567,1560,Car-Accessories/Car-Ignition-System/Spark-Plugs-Glow-Plugs,3,7
1568,1560,Car-Accessories/Car-Ignition-System/Other,3,8
1679,1668,Car-Accessories/Motorcycle-Parts/Instruments-Gauges,3,11
1625,1362,Car-Accessories/Car-Wheels-Tires-Parts-,2,24
1681,1668,Car-Accessories/Motorcycle-Parts/Eye-Wear,3,13
1682,1668,Car-Accessories/Motorcycle-Parts/Gloves,3,14
1684,1668,Car-Accessories/Motorcycle-Parts/Helmets,3,16
1630,1625,Car-Accessories/Car-Wheels-Tires-Parts-/Tire-ChainsTire-Chains,3,5
1631,1625,Car-Accessories/Car-Wheels-Tires-Parts-/Valve-Stems-Caps,3,6
1687,1668,Car-Accessories/Motorcycle-Parts/Parts-Bikes,3,19
1688,1668,Car-Accessories/Motorcycle-Parts/Wheels-Tires-Tubes,3,20
1634,1625,Car-Accessories/Car-Wheels-Tires-Parts-/Wheel-Center-Caps,3,9
1635,1625,Car-Accessories/Car-Wheels-Tires-Parts-/Wheel-Lugs,3,10
1691,1362,Car-Accessories/Other-Vehicle-Parts,2,28
1637,1625,Car-Accessories/Car-Wheels-Tires-Parts-/Other,3,12
1638,1362,Car-Accessories/Car-Electronics-GPS,2,25
1694,1691,Car-Accessories/Other-Vehicle-Parts/Go-Kart-Accessories,3,3
1695,1691,Car-Accessories/Other-Vehicle-Parts/Go-Kart-Parts,3,4
1696,1691,Car-Accessories/Other-Vehicle-Parts/Golf-Car-Parts-Accessories,3,5
1697,1691,Car-Accessories/Other-Vehicle-Parts/Scooter-Parts,3,6
1698,1691,Car-Accessories/Other-Vehicle-Parts/Other,3,7
1644,1638,Car-Accessories/Car-Electronics-GPS/Car-Stereo,3,6
1700,1699,Car-Accessories/RV-Trailer-Camper-Parts/Engines-Components,3,1
1647,1638,Car-Accessories/Car-Electronics-GPS/Car-Audio-Video-Installation,3,9
1648,1638,Car-Accessories/Car-Electronics-GPS/GPS-Accessories-Mounts,3,10
1649,1638,Car-Accessories/Car-Electronics-GPS/GPS-Units-Equipment,3,11
1650,1638,Car-Accessories/Car-Electronics-GPS/Marine-Audio,3,12
1651,1638,Car-Accessories/Car-Electronics-GPS/Radar-Detectors,3,13
1652,1638,Car-Accessories/Car-Electronics-GPS/Other-Car-Audio,3,14
1653,1362,Car-Accessories/Automotive-Tools-Suppliesl,2,26
1654,1653,Car-Accessories/Automotive-Tools-Suppliesl/Diagnostic-Tools,3,1
1655,1653,Car-Accessories/Automotive-Tools-Suppliesl/Hand-Tools,3,2
1656,1653,Car-Accessories/Automotive-Tools-Suppliesl/Shop-Equipment,3,3
1657,1653,Car-Accessories/Automotive-Tools-Suppliesl/Auto-Repair-Kits,3,4
1658,1653,Car-Accessories/Automotive-Tools-Suppliesl/Air-Tools,3,5
1659,1653,Car-Accessories/Automotive-Tools-Suppliesl/Paints-Supplies,3,6
1660,1653,Car-Accessories/Automotive-Tools-Suppliesl/Power-Tools,3,7
1661,1653,Car-Accessories/Automotive-Tools-Suppliesl/Auto-Care-Detailing,3,8
1662,1653,Car-Accessories/Automotive-Tools-Suppliesl/Tool-Boxes-Storage,3,9
1663,1653,Car-Accessories/Automotive-Tools-Suppliesl/Air-Compressors,3,10
1664,1653,Car-Accessories/Automotive-Tools-Suppliesl/Fluids-Chemicals,3,11
1665,1653,Car-Accessories/Automotive-Tools-Suppliesl/Battery-Chargers,3,12
1666,1653,Car-Accessories/Automotive-Tools-Suppliesl/Safety-Kits-Supplies,3,13
1667,1653,Car-Accessories/Automotive-Tools-Suppliesl/Other-Auto-Tools-Supplies,3,14
1668,1362,Car-Accessories/Motorcycle-Parts,2,27
1669,1668,Car-Accessories/Motorcycle-Parts/Air-Intake-Fuel-Delivery,3,1
1670,1668,Car-Accessories/Motorcycle-Parts/Accessories,3,2
1671,1668,Car-Accessories/Motorcycle-Parts/Body-Frame,3,3
1672,1668,Car-Accessories/Motorcycle-Parts/Brakes-Suspension,3,4
1673,1668,Car-Accessories/Motorcycle-Parts/Decals-Emblems,3,5
1675,1668,Car-Accessories/Motorcycle-Parts/Electrical-Ignition,3,7
1676,1668,Car-Accessories/Motorcycle-Parts/Engines-Engine-Parts,3,8
1677,1668,Car-Accessories/Motorcycle-Parts/Engine-Cooling,3,9
1623,1621,Car-Accessories/Car-Turbos-Nitrous-Superchargers-/Superchargers-Parts,3,2
1624,1621,Car-Accessories/Car-Turbos-Nitrous-Superchargers-/Turbo-Chargers-Parts,3,3
1680,1668,Car-Accessories/Motorcycle-Parts/Boots,3,12
1626,1625,Car-Accessories/Car-Wheels-Tires-Parts-/Hub-Caps,3,1
1683,1668,Car-Accessories/Motorcycle-Parts/Hats-Caps,3,15
1628,1625,Car-Accessories/Car-Wheels-Tires-Parts-/Tires,3,3
1629,1625,Car-Accessories/Car-Wheels-Tires-Parts-/Tire-Accessories,3,4
1685,1668,Car-Accessories/Motorcycle-Parts/Lighting-Indicators,3,17
1686,1668,Car-Accessories/Motorcycle-Parts/Luggage-Saddlebags,3,18
1632,1625,Car-Accessories/Car-Wheels-Tires-Parts-/Wheels,3,7
1633,1625,Car-Accessories/Car-Wheels-Tires-Parts-/Wheel-Tire-Packages,3,8
1689,1668,Car-Accessories/Motorcycle-Parts/Antique-Vintage-Historic,3,21
1690,1668,Car-Accessories/Motorcycle-Parts/Other-Motorcycle-Parts,3,22
1636,1625,Car-Accessories/Car-Wheels-Tires-Parts-/Wheel-Hubs-Bearings,3,11
1692,1691,Car-Accessories/Other-Vehicle-Parts/Motorcycle-Parts-Test-Category,3,1
1693,1691,Car-Accessories/Other-Vehicle-Parts/Commercial-Truck-Parts,3,2
1639,1638,Car-Accessories/Car-Electronics-GPS/12-Volt-Portable-Appliances,3,1
1640,1638,Car-Accessories/Car-Electronics-GPS/Amplifiers,3,2
1641,1638,Car-Accessories/Car-Electronics-GPS/Car-A-V-Installation-Parts,3,3
1642,1638,Car-Accessories/Car-Electronics-GPS/Car-Security-Alarms,3,4
1643,1638,Car-Accessories/Car-Electronics-GPS/Car-Speakers-Systems,3,5
1699,1362,Car-Accessories/RV-Trailer-Camper-Parts,2,29
1645,1638,Car-Accessories/Car-Electronics-GPS/Car-Subwoofers-Enclosures,3,7
1646,1638,Car-Accessories/Car-Electronics-GPS/Car-Video,3,8
916,901,Apparel-Jewelry/Baby-Girls-Clothing/Tops,3,15
861,856,Health-Beauty/Tattoos-Body-Art/Tattoo-Sets-Kits,3,5
999,864,Apparel-Jewelry/Fashion-Jewelry,2,17
935,864,Apparel-Jewelry/Boys-Clothing,2,7
834,830,Health-Beauty/Hair-Care/Styling-Tools,3,4
854,844,Health-Beauty/Health-Personal-Care/Bath-Shower,3,10
1030,1027,Home-and-Garden/Festive-Party-Supplies/Wedding-Supplies,3,3
1031,1027,Home-and-Garden/Festive-Party-Supplies/Other-Holiday-Supplies,3,4
1218,1214,RC-Models-Hobbies/Transmitter-Receiver/Simulator,3,4
945,935,Apparel-Jewelry/Boys-Clothing/Sweaters,3,10
418,408,Lighting-Flashlights-LEDs/Outdoor-Lighting/Lanterns,3,10
496,492,Musical-Instruments/Woodwinds/Clarinet-Oboes-Accessories,3,4
835,806,Health-Beauty/Nail-Care,2,4
917,864,Apparel-Jewelry/Girls-Clothing,2,6
851,844,Health-Beauty/Health-Personal-Care/Others,3,7
1221,1220,RC-Models-Hobbies/RC-Model-Battery/Andoer-Series,3,1
842,835,Health-Beauty/Nail-Care/Nail-Art-Accessories,3,7
852,844,Health-Beauty/Health-Personal-Care/Shaving-Hair-Removal,3,8
933,917,Apparel-Jewelry/Girls-Clothing/Shorts,3,16
1097,1094,Home-and-Garden/Yard-Garden/Garden-Pots-Bonsai,3,3
986,983,Apparel-Jewelry/Watches/Quartz-Watches,3,3
1300,1289,Toys-Games/Video-Games/Nintendo-3DS-Accessories,3,11
941,935,Apparel-Jewelry/Boys-Clothing/Leg-Warmers,3,6
1106,1100,Home-and-Garden/Antiques-Craftwork/Boxwood-Carving,3,6
1013,1011,Apparel-Jewelry/Jewelry-Supplies/Jewellery-Boxes-Cases,3,2
944,935,Apparel-Jewelry/Boys-Clothing/Swimwear,3,9
1125,1122,RC-Models-Hobbies/Walkera/QR-X350-Pro-QR-X350-Parts,3,3
1281,1278,Toys-Games/Outdoor-Fun-Sports/Flying-Disk-Arrow,3,3
1206,1203,RC-Models-Hobbies/Helicopter/Helicopter-Frame,3,3
1029,1027,Home-and-Garden/Festive-Party-Supplies/Halloween-Supplies,3,2
1028,1027,Home-and-Garden/Festive-Party-Supplies/Christmas-Supplies,3,1
1191,1188,RC-Models-Hobbies/Multicopter/Multicopter-Electronic-Parts,3,3
1331,1330,Video-Audio/Projector-Accessories/Mini-Projectors,3,1
1098,1094,Home-and-Garden/Yard-Garden/Garden-Tools,3,4
1111,1110,RC-Models-Hobbies/DJI/DJI-Multicopter,3,1
1117,1110,RC-Models-Hobbies/DJI/S900-Parts,3,7
1118,1110,RC-Models-Hobbies/DJI/S1000-S1000-Parts,3,8
1478,1466,Car-Accessories/Car-Engines-Components/Oil-Pumps,3,12
1299,1289,Toys-Games/Video-Games/Accessories-for-GBA,3,10
1093,1089,Home-and-Garden/Stationeries/office-Electronics,3,4
1185,1184,RC-Models-Hobbies/Fight-Control-System/Flight-Controllers,3,1
1186,1184,RC-Models-Hobbies/Fight-Control-System/GPS-Module,3,2
1131,1122,RC-Models-Hobbies/Walkera/4F200LM-Parts,3,9
1274,1235,Toys-Games/Novelty-Toys,2,6
1211,1208,RC-Models-Hobbies/General-Electrinic-Parts/Servo,3,3
1332,1330,Video-Audio/Projector-Accessories/Home-LED-Projectors,3,2
1280,1278,Toys-Games/Outdoor-Fun-Sports/Fishing-Toys,3,2
1179,1172,RC-Models-Hobbies/RC-Toys/Other-Toys,3,7
38,35,Tablet-PC-Cellphone/Accessories-for-Cell-Phones/Phone-Selfie-Accessories,3,3
91,84,Sports-Outdoor/Fishing/Fishing-Gloves,3,7
1,0,Tablet-PC-Cellphone,1,1
34,2,Tablet-PC-Cellphone/Cell-Phones/Others-Cell-Phone,3,32
37,35,Tablet-PC-Cellphone/Accessories-for-Cell-Phones/Bluetooth-Earphones,3,2
497,492,Musical-Instruments/Woodwinds/Ocarinas-Accessories,3,5
256,251,Computer-Networking/Cables-Connectors/Other-Cables,3,5
495,492,Musical-Instruments/Woodwinds/Flutes-Piccolos-Accessories,3,3
505,499,Musical-Instruments/Brass/Parts-Accessories,3,6
1294,1289,Toys-Games/Video-Games/Accessories-for-SONY-PSP,3,5
906,901,Apparel-Jewelry/Baby-Girls-Clothing/Socks-Tights,3,5
1194,1193,RC-Models-Hobbies/Airplane/Airplane-Propellers,3,1
1219,1214,RC-Models-Hobbies/Transmitter-Receiver/Other-TX-RX-Parts,3,5
1463,1460,Car-Accessories/Car-Emission-System/Emissions-Modules-Control-Units-,3,3
1703,1699,Car-Accessories/RV-Trailer-Camper-Parts/Tires-Wheels,3,4
1704,1699,Car-Accessories/RV-Trailer-Camper-Parts/Towing-Systems,3,5
1705,1699,Car-Accessories/RV-Trailer-Camper-Parts/Other,3,6
1706,1362,Car-Accessories/Boat-Parts,2,30
1707,1706,Car-Accessories/Boat-Parts/Accessories-Gear,3,1
1708,1706,Car-Accessories/Boat-Parts/Anchoring-Docking,3,2
1709,1706,Car-Accessories/Boat-Parts/Body-Parts,3,3
1710,1706,Car-Accessories/Boat-Parts/Controls-Steering,3,4
1711,1706,Car-Accessories/Boat-Parts/Deck-Cabin-Hardware,3,5
1712,1706,Car-Accessories/Boat-Parts/Electrical-Lighting,3,6
1713,1706,Car-Accessories/Boat-Parts/Electronics-Navigation,3,7
1714,1706,Car-Accessories/Boat-Parts/Inboard-Engines-Components,3,8
1715,1706,Car-Accessories/Boat-Parts/Interior-Cabin-Galley,3,9
1701,1699,Car-Accessories/RV-Trailer-Camper-Parts/Exterior,3,2
1702,1699,Car-Accessories/RV-Trailer-Camper-Parts/Interior,3,3
52,35,Tablet-PC-Cellphone/Accessories-for-Cell-Phones/Other-Tablet-Accessories,3,17
1727,1362,Car-Accessories/ATV-Parts,2,31
116,115,Sports-Outdoor/Sports-Body-Building-/Wearable-Sports-Electronics,3,1
180,170,Test-Equipment-Tools/Electrical-Testing/Function-Generators,3,10
190,189,Test-Equipment-Tools/Environal-Measurement-Instruments/Infrared-Thermometer,3,1
191,189,Test-Equipment-Tools/Environal-Measurement-Instruments/Temperature-Humidity-Instrument,3,2
1197,1109,RC-Models-Hobbies/Car,2,13
1288,1278,Toys-Games/Outdoor-Fun-Sports/Toy-Tents,3,10
281,279,Cameras-Photo-Accessories/Camcorders-Digital-Cameras/Digital-Picture-Frames,3,2
332,329,Cameras-Photo-Accessories/Strobe-Lighting-Photo-Studio-Accessories/Umbrellas,3,3
1504,1496,Car-Accessories/Car-Exterior/Door-Hinge-Conversion-KitsDoor-Hinge-Conversion-Kits,3,8
398,392,Lighting-Flashlights-LEDs/Indoor-Lighting/Wall-Lamps,3,6
402,392,Lighting-Flashlights-LEDs/Indoor-Lighting/Book-Lights,3,10
411,408,Lighting-Flashlights-LEDs/Outdoor-Lighting/Floodlights,3,3
412,408,Lighting-Flashlights-LEDs/Outdoor-Lighting/Landscape-Lighting,3,4
492,468,Musical-Instruments/Woodwinds,2,3
1545,1539,Car-Accessories/Car-Gauges/Instrument-Clusters,3,6
1561,1560,Car-Accessories/Car-Ignition-System/Caps-Rotors-Contacts-,3,1
1562,1560,Car-Accessories/Car-Ignition-System/Coils-Modules-Pick-Ups-,3,2
1589,1569,Car-Accessories/Car-Interior/Window-Motors-Parts,3,20
1600,1591,Car-Accessories/Car-Suspension-Steering/Power-Steering-Pumps-Parts,3,9
1627,1625,Car-Accessories/Car-Wheels-Tires-Parts-/Tire-Pressure-Monitor-SystemsTire-Pressure-Monitor-Systems,3,2
1728,1727,Car-Accessories/ATV-Parts/Accessories,3,1
1729,1727,Car-Accessories/ATV-Parts/ATVs-for-Parts,3,2
1730,1727,Car-Accessories/ATV-Parts/Body-Frame,3,3
1731,1727,Car-Accessories/ATV-Parts/Brakes-Suspension,3,4
1732,1727,Car-Accessories/ATV-Parts/Decals-Emblems,3,5
1733,1727,Car-Accessories/ATV-Parts/Electrical-Components,3,6
1734,1727,Car-Accessories/ATV-Parts/Engines-Components,3,7
1738,1727,Car-Accessories/ATV-Parts/Transmissions-Chains,3,11
1739,1727,Car-Accessories/ATV-Parts/Wheels-Tires,3,12
1674,1668,Car-Accessories/Motorcycle-Parts/Drivetrain-Transmission,3,6
1740,1727,Car-Accessories/ATV-Parts/Winches,3,13
1741,1727,Car-Accessories/ATV-Parts/Other,3,14
1742,1362,Car-Accessories/Performance-Racing-Parts,2,32
1743,1742,Car-Accessories/Performance-Racing-Parts/Accessories,3,1
1678,1668,Car-Accessories/Motorcycle-Parts/Exhausts-Exhaust-Systems,3,10
1744,1742,Car-Accessories/Performance-Racing-Parts/Asphalt-Oval-Racing-Parts,3,2
1745,1742,Car-Accessories/Performance-Racing-Parts/Auto-Performance-Parts,3,3
1746,1742,Car-Accessories/Performance-Racing-Parts/Dirt-Oval-Racing-Parts,3,4
1747,1742,Car-Accessories/Performance-Racing-Parts/Drag-Racing-Parts,3,5
1748,1742,Car-Accessories/Performance-Racing-Parts/Fasteners-Fluids-Gaskets,3,6
1749,1742,Car-Accessories/Performance-Racing-Parts/Kart-Racing-Parts,3,7
1750,1742,Car-Accessories/Performance-Racing-Parts/Off-Road-Racing,3,8
1751,1742,Car-Accessories/Performance-Racing-Parts/Racing-Equipment,3,9
1752,1742,Car-Accessories/Performance-Racing-Parts/Safety-Equipment,3,10
1753,1742,Car-Accessories/Performance-Racing-Parts/Other,3,11
1719,1706,Car-Accessories/Boat-Parts/Plumbing-Ventilation,3,13
1720,1706,Car-Accessories/Boat-Parts/Propellers,3,14
1721,1706,Car-Accessories/Boat-Parts/Sailing-Hardware-Gear,3,15
1722,1706,Car-Accessories/Boat-Parts/Service-Tools,3,16
1723,1706,Car-Accessories/Boat-Parts/Sterndrive-Motors-Components,3,17
1724,1706,Car-Accessories/Boat-Parts/Trailer-Parts,3,18
1725,1706,Car-Accessories/Boat-Parts/Trolling-Motors-Components,3,19
1726,1706,Car-Accessories/Boat-Parts/Other,3,20
1735,1727,Car-Accessories/ATV-Parts/Exhaust,3,8
1736,1727,Car-Accessories/ATV-Parts/Intake-Fuel-Systems,3,9
1737,1727,Car-Accessories/ATV-Parts/Lighting,3,10

