"iid","iparentid","cpath","ilevel","iposition","ichildrencount"
"1",null,"Tablet-PC-Cellphone","1",null,null
"2","1","Tablet-PC-Cellphone/Cell-Phones","2",null,null
"3","2","Tablet-PC-Cellphone/Cell-Phones/Lenovo","3",null,null
"4","2","Tablet-PC-Cellphone/Cell-Phones/HUAWEI","3",null,null
"5","2","Tablet-PC-Cellphone/Cell-Phones/Xiaomi","3",null,null
"6","2","Tablet-PC-Cellphone/Cell-Phones/Cubot","3",null,null
"7","2","Tablet-PC-Cellphone/Cell-Phones/HTC","3",null,null
"8","2","Tablet-PC-Cellphone/Cell-Phones/ZTE","3",null,null
"9","2","Tablet-PC-Cellphone/Cell-Phones/THL","3",null,null
"10","2","Tablet-PC-Cellphone/Cell-Phones/TCL","3",null,null
"11","2","Tablet-PC-Cellphone/Cell-Phones/ZOPO","3",null,null
"12","2","Tablet-PC-Cellphone/Cell-Phones/Elephone","3",null,null
"13","2","Tablet-PC-Cellphone/Cell-Phones/DOOGEE","3",null,null
"14","2","Tablet-PC-Cellphone/Cell-Phones/JIAYU","3",null,null
"15","2","Tablet-PC-Cellphone/Cell-Phones/Tengda","3",null,null
"16","2","Tablet-PC-Cellphone/Cell-Phones/iNew","3",null,null
"17","2","Tablet-PC-Cellphone/Cell-Phones/No-1","3",null,null
"18","2","Tablet-PC-Cellphone/Cell-Phones/ONN","3",null,null
"19","2","Tablet-PC-Cellphone/Cell-Phones/Otium","3",null,null
"20","2","Tablet-PC-Cellphone/Cell-Phones/UMI","3",null,null
"21","2","Tablet-PC-Cellphone/Cell-Phones/MIJUE","3",null,null
"22","2","Tablet-PC-Cellphone/Cell-Phones/iocean","3",null,null
"23","2","Tablet-PC-Cellphone/Cell-Phones/Drfy-Phones","3",null,null
"24","1","Tablet-PC-Cellphone/Accessories-for-Cell-Phones","2",null,null
"25","24","Tablet-PC-Cellphone/Accessories-for-Cell-Phones/Power-Banks","3",null,null
"26","24","Tablet-PC-Cellphone/Accessories-for-Cell-Phones/Bluetooth-Earphones","3",null,null
"27","24","Tablet-PC-Cellphone/Accessories-for-Cell-Phones/Phone-Batteries","3",null,null
"28","24","Tablet-PC-Cellphone/Accessories-for-Cell-Phones/Phone-Data-Cables","3",null,null
"29","24","Tablet-PC-Cellphone/Accessories-for-Cell-Phones/Audio-Accessories-and-Earphones","3",null,null
"30","24","Tablet-PC-Cellphone/Accessories-for-Cell-Phones/Phone-Protection-Cases","3",null,null
"31","24","Tablet-PC-Cellphone/Accessories-for-Cell-Phones/DIY-Tools","3",null,null
"32","24","Tablet-PC-Cellphone/Accessories-for-Cell-Phones/Vehicle-Mounted-Accessories","3",null,null
"33","24","Tablet-PC-Cellphone/Accessories-for-Cell-Phones/Apple-Accessories","3",null,null
"34","24","Tablet-PC-Cellphone/Accessories-for-Cell-Phones/Originality-Accessories","3",null,null
"35","24","Tablet-PC-Cellphone/Accessories-for-Cell-Phones/Phone-Protection-Accessories","3",null,null
"36","24","Tablet-PC-Cellphone/Accessories-for-Cell-Phones/Portable-Wireless-Speakers","3",null,null
"37","24","Tablet-PC-Cellphone/Accessories-for-Cell-Phones/Phone-Lens","3",null,null
"38","24","Tablet-PC-Cellphone/Accessories-for-Cell-Phones/Smart-Equipments","3",null,null
"39","24","Tablet-PC-Cellphone/Accessories-for-Cell-Phones/Other-Tablet-Accessories","3",null,null
"40","1","Tablet-PC-Cellphone/Tablet-PC-for-Accessories","2",null,null
"41","40","Tablet-PC-Cellphone/Tablet-PC-for-Accessories/Tablet-PC","3",null,null
"42","40","Tablet-PC-Cellphone/Tablet-PC-for-Accessories/Tablet-PC-Protection-Covers","3",null,null
"43","40","Tablet-PC-Cellphone/Tablet-PC-for-Accessories/Tablet-PC-Back-Cases","3",null,null
"44","40","Tablet-PC-Cellphone/Tablet-PC-for-Accessories/Tablet-PC-Cables","3",null,null
"45","40","Tablet-PC-Cellphone/Tablet-PC-for-Accessories/Tablet-PC-Holders","3",null,null
"46","40","Tablet-PC-Cellphone/Tablet-PC-for-Accessories/Tablet-PC-Vehicle-Mounted-Equipments","3",null,null
"47","40","Tablet-PC-Cellphone/Tablet-PC-for-Accessories/Originality-Accessories","3",null,null
"48","40","Tablet-PC-Cellphone/Tablet-PC-for-Accessories/Capacity-Expansion","3",null,null
"49","40","Tablet-PC-Cellphone/Tablet-PC-for-Accessories/Other-Tablet-Accessories","3",null,null
"50",null,"Sports-Outdoor","1",null,null
"51","50","Sports-Outdoor/Cycling","2",null,null
"52","51","Sports-Outdoor/Cycling/Headlamps","3",null,null
"53","51","Sports-Outdoor/Cycling/Bicycle-Lights","3",null,null
"54","51","Sports-Outdoor/Cycling/Bike-Accessories","3",null,null
"55","51","Sports-Outdoor/Cycling/Bikes","3",null,null
"56","51","Sports-Outdoor/Cycling/Fixed-Gear-Bikes","3",null,null
"57","51","Sports-Outdoor/Cycling/Bike-Tools","3",null,null
"58","51","Sports-Outdoor/Cycling/Bike-Computer","3",null,null
"59","51","Sports-Outdoor/Cycling/Bike-Holder","3",null,null
"60","51","Sports-Outdoor/Cycling/Bag-Supplies","3",null,null
"61","51","Sports-Outdoor/Cycling/Bicycle-Helmets","3",null,null
"62","51","Sports-Outdoor/Cycling/Bicycle-Saddles","3",null,null
"63","51","Sports-Outdoor/Cycling/Bicycle-Pedals","3",null,null
"64","51","Sports-Outdoor/Cycling/Bicycle-Gloves","3",null,null
"65","51","Sports-Outdoor/Cycling/Bicycle-Decals","3",null,null
"66","51","Sports-Outdoor/Cycling/Water-Bottles","3",null,null
"67","51","Sports-Outdoor/Cycling/Pumps","3",null,null
"68","51","Sports-Outdoor/Cycling/Tire-Tubes-","3",null,null
"69","51","Sports-Outdoor/Cycling/Cycling-Head-Scarfs","3",null,null
"70","51","Sports-Outdoor/Cycling/Cycling-Clothing","3",null,null
"71","50","Sports-Outdoor/Fishing","2",null,null
"72","71","Sports-Outdoor/Fishing/Fishing-Rods","3",null,null
"73","71","Sports-Outdoor/Fishing/Fishing-Reels","3",null,null
"74","71","Sports-Outdoor/Fishing/Fishing-Lines","3",null,null
"75","71","Sports-Outdoor/Fishing/Fishing-Lures","3",null,null
"76","71","Sports-Outdoor/Fishing/Fishing-Hooks","3",null,null
"77","71","Sports-Outdoor/Fishing/Fishing-Floats","3",null,null
"78","71","Sports-Outdoor/Fishing/Fishing-Gloves","3",null,null
"79","71","Sports-Outdoor/Fishing/Fishing-Boxes","3",null,null
"80","71","Sports-Outdoor/Fishing/Fishing-Lights","3",null,null
"81","71","Sports-Outdoor/Fishing/Fishing-Bags","3",null,null
"82","71","Sports-Outdoor/Fishing/Fishing-Wear","3",null,null
"83","71","Sports-Outdoor/Fishing/Tools-Equipment","3",null,null
"84","71","Sports-Outdoor/Fishing/Fly-Reels","3",null,null
"85","71","Sports-Outdoor/Fishing/Fly-Lures","3",null,null
"86","50","Sports-Outdoor/Camping-Hiking","2",null,null
"87","86","Sports-Outdoor/Camping-Hiking/Outdoor-Tools","3",null,null
"88","86","Sports-Outdoor/Camping-Hiking/Telescope-Binoculars","3",null,null
"89","86","Sports-Outdoor/Camping-Hiking/Sleeping-Bags","3",null,null
"90","86","Sports-Outdoor/Camping-Hiking/Tents","3",null,null
"91","86","Sports-Outdoor/Camping-Hiking/Outdoor-Lanterns","3",null,null
"92","86","Sports-Outdoor/Camping-Hiking/Backpacks","3",null,null
"93","86","Sports-Outdoor/Camping-Hiking/Travel-Supplies","3",null,null
"94","86","Sports-Outdoor/Camping-Hiking/Compasses","3",null,null
"95","86","Sports-Outdoor/Camping-Hiking/Outdoor-Appliances","3",null,null
"96","86","Sports-Outdoor/Camping-Hiking/Emergency-Survival-Tools-","3",null,null
"97","86","Sports-Outdoor/Camping-Hiking/Camping-Mats","3",null,null
"98","86","Sports-Outdoor/Camping-Hiking/Camping-Furniture","3",null,null
"99","50","Sports-Outdoor/Sports-Body-Building-","2",null,null
"100","99","Sports-Outdoor/Sports-Body-Building-/Wearable-Sports-Electronics","3",null,null
"101","99","Sports-Outdoor/Sports-Body-Building-/Ball-Games","3",null,null
"102","99","Sports-Outdoor/Sports-Body-Building-/Physical-Fitness","3",null,null
"103","99","Sports-Outdoor/Sports-Body-Building-/Yoga","3",null,null
"104","99","Sports-Outdoor/Sports-Body-Building-/Boxing","3",null,null
"105","99","Sports-Outdoor/Sports-Body-Building-/Golf","3",null,null
"106","99","Sports-Outdoor/Sports-Body-Building-/Extreme-Sports","3",null,null
"107","99","Sports-Outdoor/Sports-Body-Building-/Others","3",null,null
"108","99","Sports-Outdoor/Sports-Body-Building-/Shinguards","3",null,null
"109","99","Sports-Outdoor/Sports-Body-Building-/Fitness-Bags","3",null,null
"110","99","Sports-Outdoor/Sports-Body-Building-/Sweaters","3",null,null
"111","99","Sports-Outdoor/Sports-Body-Building-/Undergarment","3",null,null
"112","99","Sports-Outdoor/Sports-Body-Building-/Gym-Strips","3",null,null
"113","99","Sports-Outdoor/Sports-Body-Building-/Fitness-Gloves","3",null,null
"114","99","Sports-Outdoor/Sports-Body-Building-/Rope-Skipping","3",null,null
"115","99","Sports-Outdoor/Sports-Body-Building-/Wrist-Developers","3",null,null
"116","99","Sports-Outdoor/Sports-Body-Building-/Amusement-Parks","3",null,null
"117","99","Sports-Outdoor/Sports-Body-Building-/Kites","3",null,null
"118","50","Sports-Outdoor/Beach-Sports","2",null,null
"119","118","Sports-Outdoor/Beach-Sports/Sunglasses","3",null,null
"120","118","Sports-Outdoor/Beach-Sports/Swimming-Goggles","3",null,null
"121","118","Sports-Outdoor/Beach-Sports/Diving","3",null,null
"122","118","Sports-Outdoor/Beach-Sports/Swimwear","3",null,null
"123","118","Sports-Outdoor/Beach-Sports/Diving-Mask-Snorkels-","3",null,null
"124","118","Sports-Outdoor/Beach-Sports/Surfing-Boating","3",null,null
"125","118","Sports-Outdoor/Beach-Sports/Swimming-Caps","3",null,null
"126","50","Sports-Outdoor/Winter-Sports","2",null,null
"127","126","Sports-Outdoor/Winter-Sports/Ski-Helmets","3",null,null
"128","126","Sports-Outdoor/Winter-Sports/Ski-Goggles","3",null,null
"129","126","Sports-Outdoor/Winter-Sports/Gloves","3",null,null
"130","126","Sports-Outdoor/Winter-Sports/Hats-Scarfs","3",null,null
"131","126","Sports-Outdoor/Winter-Sports/Skiing-Gears","3",null,null
"132","126","Sports-Outdoor/Winter-Sports/Crampons","3",null,null
"133","50","Sports-Outdoor/Ball-Games","2",null,null
"134","133","Sports-Outdoor/Ball-Games/Tennis-Others","3",null,null
"135","133","Sports-Outdoor/Ball-Games/Badminton-Others","3",null,null
"136","133","Sports-Outdoor/Ball-Games/Table-Tennis-Others","3",null,null
"137","133","Sports-Outdoor/Ball-Games/Volleyball-Others","3",null,null
"138","133","Sports-Outdoor/Ball-Games/Basketball-Others","3",null,null
"139","133","Sports-Outdoor/Ball-Games/Football-Others","3",null,null
"140","50","Sports-Outdoor/Travel-Accessories","2",null,null
"141","140","Sports-Outdoor/Travel-Accessories/Storage-Containers","3",null,null
"142","140","Sports-Outdoor/Travel-Accessories/OthersTravel-Accessories","3",null,null
"143","50","Sports-Outdoor/Others","2",null,null
"144",null,"Test-Equipment-Tools","1",null,null
"145","144","Test-Equipment-Tools/UNI-T","2",null,null
"146","145","Test-Equipment-Tools/UNI-T/Digital-Multimeters","3",null,null
"147","145","Test-Equipment-Tools/UNI-T/Clamp-Meters","3",null,null
"148","145","Test-Equipment-Tools/UNI-T/Environmental-Testers","3",null,null
"149","145","Test-Equipment-Tools/UNI-T/Others","3",null,null
"150","144","Test-Equipment-Tools/MASTECH","2",null,null
"151","150","Test-Equipment-Tools/MASTECH/Digital-Multimeters","3",null,null
"152","150","Test-Equipment-Tools/MASTECH/Clamp-Meters","3",null,null
"153","150","Test-Equipment-Tools/MASTECH/Environmental-Testers","3",null,null
"154","150","Test-Equipment-Tools/MASTECH/Others","3",null,null
"155","144","Test-Equipment-Tools/Electrotechnical-Measurement-Instrument","2",null,null
"156","155","Test-Equipment-Tools/Electrotechnical-Measurement-Instrument/Digital-Multimeters","3",null,null
"157","155","Test-Equipment-Tools/Electrotechnical-Measurement-Instrument/Clamp-Meters","3",null,null
"158","155","Test-Equipment-Tools/Electrotechnical-Measurement-Instrument/Instrument-for-Exclusive-Use","3",null,null
"159","155","Test-Equipment-Tools/Electrotechnical-Measurement-Instrument/Others","3",null,null
"160","144","Test-Equipment-Tools/Environal-Measurement-Instruments","2",null,null
"161","160","Test-Equipment-Tools/Environal-Measurement-Instruments/Infrared-Thermometer","3",null,null
"162","160","Test-Equipment-Tools/Environal-Measurement-Instruments/Temperature-Humidity-Instrument","3",null,null
"163","160","Test-Equipment-Tools/Environal-Measurement-Instruments/Gas-Testing-Instrument","3",null,null
"164","160","Test-Equipment-Tools/Environal-Measurement-Instruments/Water-Quality-Analysis-Instrument","3",null,null
"165","160","Test-Equipment-Tools/Environal-Measurement-Instruments/Soil-Analysis-Instrument","3",null,null
"166","160","Test-Equipment-Tools/Environal-Measurement-Instruments/Illuminometer","3",null,null
"167","160","Test-Equipment-Tools/Environal-Measurement-Instruments/Vibration-Noisemeter","3",null,null
"168","160","Test-Equipment-Tools/Environal-Measurement-Instruments/Breath-Alcohol-Tester","3",null,null
"169","160","Test-Equipment-Tools/Environal-Measurement-Instruments/Communication-Instruments","3",null,null
"170","160","Test-Equipment-Tools/Environal-Measurement-Instruments/Others","3",null,null
"171","144","Test-Equipment-Tools/Optical-Instrument","2",null,null
"172","171","Test-Equipment-Tools/Optical-Instrument/Microscope","3",null,null
"173","171","Test-Equipment-Tools/Optical-Instrument/Magnifier","3",null,null
"174","171","Test-Equipment-Tools/Optical-Instrument/Optical-measurement-instrument","3",null,null
"175","171","Test-Equipment-Tools/Optical-Instrument/Endoscopes","3",null,null
"176","144","Test-Equipment-Tools/Measurement-Instrument","2",null,null
"177","176","Test-Equipment-Tools/Measurement-Instrument/Balance-Weighing-Apparatus","3",null,null
"178","176","Test-Equipment-Tools/Measurement-Instrument/Length-Measuring-Instrument","3",null,null
"179","176","Test-Equipment-Tools/Measurement-Instrument/Others","3",null,null
"180","144","Test-Equipment-Tools/Hardware-Gadgets","2",null,null
"181","180","Test-Equipment-Tools/Hardware-Gadgets/Maintenance-Tools","3",null,null
"182","180","Test-Equipment-Tools/Hardware-Gadgets/Electric-Pneumatic-tools","3",null,null
"183","180","Test-Equipment-Tools/Hardware-Gadgets/Grinding-Tools","3",null,null
"184","180","Test-Equipment-Tools/Hardware-Gadgets/Paint-Sprying-Tools","3",null,null
"185","180","Test-Equipment-Tools/Hardware-Gadgets/Others","3",null,null
"186","144","Test-Equipment-Tools/Electrical-accessories","2",null,null
"187",null,"Computer-Networking","1",null,null
"188","187","Computer-Networking/Keyboards-Mice-Input","2",null,null
"189","188","Computer-Networking/Keyboards-Mice-Input/Keyboard","3",null,null
"190","188","Computer-Networking/Keyboards-Mice-Input/Mice","3",null,null
"191","188","Computer-Networking/Keyboards-Mice-Input/Barcode-Scanners","3",null,null
"192","188","Computer-Networking/Keyboards-Mice-Input/Other","3",null,null
"193","187","Computer-Networking/Computer-Accessories","2",null,null
"194","193","Computer-Networking/Computer-Accessories/USB-Hubs","3",null,null
"195","193","Computer-Networking/Computer-Accessories/Headsets-Microphones","3",null,null
"196","193","Computer-Networking/Computer-Accessories/Speakers","3",null,null
"197","193","Computer-Networking/Computer-Accessories/TV-Cards-Tuners","3",null,null
"198","193","Computer-Networking/Computer-Accessories/Card-Reader","3",null,null
"199","193","Computer-Networking/Computer-Accessories/PCMCIA-Cards","3",null,null
"200","193","Computer-Networking/Computer-Accessories/Sound-Cards","3",null,null
"201","193","Computer-Networking/Computer-Accessories/Webcams-PC-Cameras","3",null,null
"202","193","Computer-Networking/Computer-Accessories/PC-Remote-Control","3",null,null
"203","193","Computer-Networking/Computer-Accessories/Chargers-Adapters","3",null,null
"204","193","Computer-Networking/Computer-Accessories/CD-ROM-Floppy-Drives","3",null,null
"205","193","Computer-Networking/Computer-Accessories/Other","3",null,null
"206","187","Computer-Networking/Flash-Drives-Storage","2",null,null
"207","206","Computer-Networking/Flash-Drives-Storage/Flash-Disk","3",null,null
"208","206","Computer-Networking/Flash-Drives-Storage/Mini-SD-Cards","3",null,null
"209","206","Computer-Networking/Flash-Drives-Storage/SD-Cards","3",null,null
"210","206","Computer-Networking/Flash-Drives-Storage/Micro-Cards","3",null,null
"211","206","Computer-Networking/Flash-Drives-Storage/XD-Cards","3",null,null
"212","206","Computer-Networking/Flash-Drives-Storage/MMC-Cards","3",null,null
"213","206","Computer-Networking/Flash-Drives-Storage/MS-Pro-Duo","3",null,null
"214","206","Computer-Networking/Flash-Drives-Storage/CF-Cards","3",null,null
"215","206","Computer-Networking/Flash-Drives-Storage/Portable-Disk-Enclosures","3",null,null
"216","206","Computer-Networking/Flash-Drives-Storage/Memory-Card-Accessories","3",null,null
"217","187","Computer-Networking/Cables-Connectors","2",null,null
"218","217","Computer-Networking/Cables-Connectors/USB-Cables-Adapters","3",null,null
"219","217","Computer-Networking/Cables-Connectors/Firewire-Cables","3",null,null
"220","217","Computer-Networking/Cables-Connectors/Connectors","3",null,null
"221","217","Computer-Networking/Cables-Connectors/RS232-Series","3",null,null
"222","217","Computer-Networking/Cables-Connectors/Other-Cables","3",null,null
"223","217","Computer-Networking/Cables-Connectors/IDE-SATA","3",null,null
"224","187","Computer-Networking/Laptops-Notebooks","2",null,null
"225","224","Computer-Networking/Laptops-Notebooks/Laptop-Chargers-Adapters","3",null,null
"226","224","Computer-Networking/Laptops-Notebooks/Laptop-Batteries","3",null,null
"227","224","Computer-Networking/Laptops-Notebooks/Cooling-Pad","3",null,null
"228","224","Computer-Networking/Laptops-Notebooks/Laptop-Case-Bag","3",null,null
"229","224","Computer-Networking/Laptops-Notebooks/Mac-Accessories","3",null,null
"230","187","Computer-Networking/Networking-Communications","2",null,null
"231","230","Computer-Networking/Networking-Communications/Network-Cables-Connectors","3",null,null
"232","230","Computer-Networking/Networking-Communications/Modems-Hubs-Switches","3",null,null
"233","230","Computer-Networking/Networking-Communications/Networking-Telecom-Tools","3",null,null
"234","230","Computer-Networking/Networking-Communications/Wireless-Networking","3",null,null
"235","187","Computer-Networking/Printer-Supplies-Accessories","2",null,null
"236","187","Computer-Networking/USB-Gadgets","2",null,null
"237","236","Computer-Networking/USB-Gadgets/USB-Fan","3",null,null
"238","236","Computer-Networking/USB-Gadgets/USB-Lamp","3",null,null
"239","236","Computer-Networking/USB-Gadgets/USB-Phone","3",null,null
"240","236","Computer-Networking/USB-Gadgets/USB-Home-Improvement","3",null,null
"241","236","Computer-Networking/USB-Gadgets/Others-USB-Gadgets","3",null,null
"242","187","Computer-Networking/Bluetooth-IrDA","2",null,null
"243",null,"Cameras-Photo-Accessories","1",null,null
"244","243","Cameras-Photo-Accessories/Photographic-Goods","2",null,null
"245","243","Cameras-Photo-Accessories/Camcorders-Digital-Cameras","2",null,null
"246","245","Cameras-Photo-Accessories/Camcorders-Digital-Cameras/Digital-Cameras","3",null,null
"247","245","Cameras-Photo-Accessories/Camcorders-Digital-Cameras/Digital-Picture-Frames","3",null,null
"248","245","Cameras-Photo-Accessories/Camcorders-Digital-Cameras/Sport-Cameras","3",null,null
"249","245","Cameras-Photo-Accessories/Camcorders-Digital-Cameras/Mini-Cameras","3",null,null
"250","243","Cameras-Photo-Accessories/Flashes-Flash-Accessories","2",null,null
"251","250","Cameras-Photo-Accessories/Flashes-Flash-Accessories/Flashes-Speedlites","3",null,null
"252","250","Cameras-Photo-Accessories/Flashes-Flash-Accessories/Ringlight-Flashes","3",null,null
"253","250","Cameras-Photo-Accessories/Flashes-Flash-Accessories/Diffusers","3",null,null
"254","250","Cameras-Photo-Accessories/Flashes-Flash-Accessories/Flash-Triggers","3",null,null
"255","250","Cameras-Photo-Accessories/Flashes-Flash-Accessories/Flash-Cables","3",null,null
"256","250","Cameras-Photo-Accessories/Flashes-Flash-Accessories/Hot-Shoes","3",null,null
"257","250","Cameras-Photo-Accessories/Flashes-Flash-Accessories/Others","3",null,null
"258","243","Cameras-Photo-Accessories/LED-Video-Lights-Accessories","2",null,null
"259","258","Cameras-Photo-Accessories/LED-Video-Lights-Accessories/LED-Video-Lights","3",null,null
"260","258","Cameras-Photo-Accessories/LED-Video-Lights-Accessories/LED-Video-Accessories","3",null,null
"261","243","Cameras-Photo-Accessories/Lenses-and-Filters","2",null,null
"262","261","Cameras-Photo-Accessories/Lenses-and-Filters/UV-Lens-Filter","3",null,null
"263","261","Cameras-Photo-Accessories/Lenses-and-Filters/Camera-Lenses","3",null,null
"264","261","Cameras-Photo-Accessories/Lenses-and-Filters/Lens-Hoods","3",null,null
"265","261","Cameras-Photo-Accessories/Lenses-and-Filters/Macro-Extension-Tubes","3",null,null
"266","261","Cameras-Photo-Accessories/Lenses-and-Filters/Viewfinders","3",null,null
"267","261","Cameras-Photo-Accessories/Lenses-and-Filters/Adapters-Converters","3",null,null
"268","261","Cameras-Photo-Accessories/Lenses-and-Filters/ND-Filters","3",null,null
"269","261","Cameras-Photo-Accessories/Lenses-and-Filters/Polarizer-Filters","3",null,null
"270","261","Cameras-Photo-Accessories/Lenses-and-Filters/UV-Filters","3",null,null
"271","261","Cameras-Photo-Accessories/Lenses-and-Filters/Filters-kit","3",null,null
"272","261","Cameras-Photo-Accessories/Lenses-and-Filters/Others","3",null,null
"273","243","Cameras-Photo-Accessories/Other-Camera-Accessories","2",null,null
"274","273","Cameras-Photo-Accessories/Other-Camera-Accessories/Remote-Controls","3",null,null
"275","273","Cameras-Photo-Accessories/Other-Camera-Accessories/LCD-Screens-Screen-Protectors","3",null,null
"276","273","Cameras-Photo-Accessories/Other-Camera-Accessories/Blinders","3",null,null
"277","273","Cameras-Photo-Accessories/Other-Camera-Accessories/Cleaning-Equipment","3",null,null
"278","273","Cameras-Photo-Accessories/Other-Camera-Accessories/Others","3",null,null
"279","243","Cameras-Photo-Accessories/Tripods-Supports","2",null,null
"280","279","Cameras-Photo-Accessories/Tripods-Supports/Tripods","3",null,null
"281","279","Cameras-Photo-Accessories/Tripods-Supports/Monopod-Tripods","3",null,null
"282","279","Cameras-Photo-Accessories/Tripods-Supports/Tripod-Heads","3",null,null
"283","279","Cameras-Photo-Accessories/Tripods-Supports/Tripods-Accessories","3",null,null
"284","243","Cameras-Photo-Accessories/DSLR-Video-Supports-Rigs","2",null,null
"285","284","Cameras-Photo-Accessories/DSLR-Video-Supports-Rigs/Video-Monitors","3",null,null
"286","284","Cameras-Photo-Accessories/DSLR-Video-Supports-Rigs/Video-Mics","3",null,null
"287","284","Cameras-Photo-Accessories/DSLR-Video-Supports-Rigs/Steadycams","3",null,null
"288","284","Cameras-Photo-Accessories/DSLR-Video-Supports-Rigs/Follow-Focuses","3",null,null
"289","284","Cameras-Photo-Accessories/DSLR-Video-Supports-Rigs/Matte-Boxes","3",null,null
"290","284","Cameras-Photo-Accessories/DSLR-Video-Supports-Rigs/Shoulder-Rigs-for-DLSR-DV","3",null,null
"291","284","Cameras-Photo-Accessories/DSLR-Video-Supports-Rigs/Video-Sliders","3",null,null
"292","284","Cameras-Photo-Accessories/DSLR-Video-Supports-Rigs/Dolly-Kit-Skater","3",null,null
"293","284","Cameras-Photo-Accessories/DSLR-Video-Supports-Rigs/Camera-Cages","3",null,null
"294","284","Cameras-Photo-Accessories/DSLR-Video-Supports-Rigs/Others","3",null,null
"295","243","Cameras-Photo-Accessories/Strobe-Lighting-Photo-Studio-Accessories","2",null,null
"296","295","Cameras-Photo-Accessories/Strobe-Lighting-Photo-Studio-Accessories/Strobe-Lighting","3",null,null
"297","295","Cameras-Photo-Accessories/Strobe-Lighting-Photo-Studio-Accessories/Reflectors","3",null,null
"298","295","Cameras-Photo-Accessories/Strobe-Lighting-Photo-Studio-Accessories/Umbrellas","3",null,null
"299","295","Cameras-Photo-Accessories/Strobe-Lighting-Photo-Studio-Accessories/Softboxes","3",null,null
"300","295","Cameras-Photo-Accessories/Strobe-Lighting-Photo-Studio-Accessories/Light-Sheds","3",null,null
"301","295","Cameras-Photo-Accessories/Strobe-Lighting-Photo-Studio-Accessories/Backgrounds","3",null,null
"302","295","Cameras-Photo-Accessories/Strobe-Lighting-Photo-Studio-Accessories/Studio-Light-Tripods","3",null,null
"303","295","Cameras-Photo-Accessories/Strobe-Lighting-Photo-Studio-Accessories/Photography-Props","3",null,null
"304","295","Cameras-Photo-Accessories/Strobe-Lighting-Photo-Studio-Accessories/Studio-Light-Shed-Kits","3",null,null
"305","295","Cameras-Photo-Accessories/Strobe-Lighting-Photo-Studio-Accessories/Studio-Flash-Kits","3",null,null
"306","295","Cameras-Photo-Accessories/Strobe-Lighting-Photo-Studio-Accessories/Others","3",null,null
"307","243","Cameras-Photo-Accessories/Bags-Cases-Straps","2",null,null
"308","307","Cameras-Photo-Accessories/Bags-Cases-Straps/Bag-Case","3",null,null
"309","307","Cameras-Photo-Accessories/Bags-Cases-Straps/Bags","3",null,null
"310","307","Cameras-Photo-Accessories/Bags-Cases-Straps/Straps","3",null,null
"311","307","Cameras-Photo-Accessories/Bags-Cases-Straps/Waterproof-Bags","3",null,null
"312","307","Cameras-Photo-Accessories/Bags-Cases-Straps/Others","3",null,null
"313","243","Cameras-Photo-Accessories/GOPRO-Accessories","2",null,null
"314","313","Cameras-Photo-Accessories/GOPRO-Accessories/Self-shooting-Accessories","3",null,null
"315","313","Cameras-Photo-Accessories/GOPRO-Accessories/Wearing-Accessories","3",null,null
"316","313","Cameras-Photo-Accessories/GOPRO-Accessories/Tripods-Fix-Accessories","3",null,null
"317","313","Cameras-Photo-Accessories/GOPRO-Accessories/Waterproof-Protecting-Accessories","3",null,null
"318","313","Cameras-Photo-Accessories/GOPRO-Accessories/Lens-Accessories","3",null,null
"319","313","Cameras-Photo-Accessories/GOPRO-Accessories/Others","3",null,null
"320",null,"Lighting-Flashlights-LEDs","1",null,null
"321","320","Lighting-Flashlights-LEDs/LED-Lighting","2",null,null
"322","321","Lighting-Flashlights-LEDs/LED-Lighting/LED-Strips","3",null,null
"323","321","Lighting-Flashlights-LEDs/LED-Lighting/LED-Downlights","3",null,null
"324","321","Lighting-Flashlights-LEDs/LED-Lighting/LED-Spotlights","3",null,null
"325","321","Lighting-Flashlights-LEDs/LED-Lighting/LED-String","3",null,null
"326","321","Lighting-Flashlights-LEDs/LED-Lighting/LED-Grow-Lights","3",null,null
"327","321","Lighting-Flashlights-LEDs/LED-Lighting/LED-Headlamps","3",null,null
"328","321","Lighting-Flashlights-LEDs/LED-Lighting/LED-Bar-Lights","3",null,null
"329","321","Lighting-Flashlights-LEDs/LED-Lighting/LED-Panel-Lights","3",null,null
"330","321","Lighting-Flashlights-LEDs/LED-Lighting/LED-Modules","3",null,null
"331","320","Lighting-Flashlights-LEDs/Light-Bulbs","2",null,null
"332","331","Lighting-Flashlights-LEDs/Light-Bulbs/LED-Bulbs-Tubes","3",null,null
"333","331","Lighting-Flashlights-LEDs/Light-Bulbs/High-Intensity-Discharge","3",null,null
"334","331","Lighting-Flashlights-LEDs/Light-Bulbs/Incandescent-Bulbs","3",null,null
"335","331","Lighting-Flashlights-LEDs/Light-Bulbs/Halogen-Bulbs","3",null,null
"336","331","Lighting-Flashlights-LEDs/Light-Bulbs/Energy-Saving-Fluorescent","3",null,null
"337","331","Lighting-Flashlights-LEDs/Light-Bulbs/Ultraviolet-Lamps","3",null,null
"338","331","Lighting-Flashlights-LEDs/Light-Bulbs/Neon-Bulbs-Tubes","3",null,null
"339","320","Lighting-Flashlights-LEDs/LED-Lamps","2",null,null
"340","339","Lighting-Flashlights-LEDs/LED-Lamps/LED-Solar-Lamps","3",null,null
"341","339","Lighting-Flashlights-LEDs/LED-Lamps/LED-Indoor-Wall-Lamps","3",null,null
"342","339","Lighting-Flashlights-LEDs/LED-Lamps/LED-Table-Lamps","3",null,null
"343","339","Lighting-Flashlights-LEDs/LED-Lamps/LED-Desk-Lamps","3",null,null
"344","339","Lighting-Flashlights-LEDs/LED-Lamps/LED-Underwater-Lights","3",null,null
"345","339","Lighting-Flashlights-LEDs/LED-Lamps/LED-Underground-Lamps","3",null,null
"346","339","Lighting-Flashlights-LEDs/LED-Lamps/LED-Outdoor-Wall-Lamps","3",null,null
"347","339","Lighting-Flashlights-LEDs/LED-Lamps/LED-Lawn-Lamps","3",null,null
"348","320","Lighting-Flashlights-LEDs/Flashlights","2",null,null
"349","348","Lighting-Flashlights-LEDs/Flashlights/LED-Flashlights","3",null,null
"350","349","Lighting-Flashlights-LEDs/Flashlights/LED-Flashlights/LED","4",null,null
"351","348","Lighting-Flashlights-LEDs/Flashlights/LED-Keychain-flashlights","3",null,null
"352","348","Lighting-Flashlights-LEDs/Flashlights/solar-powered-flashlights","3",null,null
"353","348","Lighting-Flashlights-LEDs/Flashlights/Lasers-flashlights","3",null,null
"354","348","Lighting-Flashlights-LEDs/Flashlights/Chargers-batteries","3",null,null
"355","354","Lighting-Flashlights-LEDs/Flashlights/Chargers-batteries/-","4",null,null
"356","348","Lighting-Flashlights-LEDs/Flashlights/Other-Flashlights","3",null,null
"357","348","Lighting-Flashlights-LEDs/Flashlights/Flashlight-Accessories","3",null,null
"358","320","Lighting-Flashlights-LEDs/Indoor-Lighting","2",null,null
"359","358","Lighting-Flashlights-LEDs/Indoor-Lighting/Pendant-Lights","3",null,null
"360","358","Lighting-Flashlights-LEDs/Indoor-Lighting/Ceiling-Lights","3",null,null
"361","358","Lighting-Flashlights-LEDs/Indoor-Lighting/Night-Lights","3",null,null
"362","358","Lighting-Flashlights-LEDs/Indoor-Lighting/Chandeliers","3",null,null
"363","358","Lighting-Flashlights-LEDs/Indoor-Lighting/Downlights","3",null,null
"364","358","Lighting-Flashlights-LEDs/Indoor-Lighting/Wall-Lamps","3",null,null
"365","358","Lighting-Flashlights-LEDs/Indoor-Lighting/Table-Lamps","3",null,null
"366","358","Lighting-Flashlights-LEDs/Indoor-Lighting/Desk-Lamps","3",null,null
"367","358","Lighting-Flashlights-LEDs/Indoor-Lighting/Floor-Lamps","3",null,null
"368","358","Lighting-Flashlights-LEDs/Indoor-Lighting/Book-Lights","3",null,null
"369","358","Lighting-Flashlights-LEDs/Indoor-Lighting/Chandelier-Crystal","3",null,null
"370","358","Lighting-Flashlights-LEDs/Indoor-Lighting/Spotlights","3",null,null
"371","358","Lighting-Flashlights-LEDs/Indoor-Lighting/Track-Lighting","3",null,null
"372","358","Lighting-Flashlights-LEDs/Indoor-Lighting/Ceiling-Fans","3",null,null
"373","358","Lighting-Flashlights-LEDs/Indoor-Lighting/Grille-Lamps","3",null,null
"374","320","Lighting-Flashlights-LEDs/Outdoor-Lighting","2",null,null
"375","374","Lighting-Flashlights-LEDs/Outdoor-Lighting/Lighting-Strings","3",null,null
"376","374","Lighting-Flashlights-LEDs/Outdoor-Lighting/Solar-Lamps","3",null,null
"377","374","Lighting-Flashlights-LEDs/Outdoor-Lighting/Floodlights","3",null,null
"378","374","Lighting-Flashlights-LEDs/Outdoor-Lighting/Landscape-Lighting","3",null,null
"379","374","Lighting-Flashlights-LEDs/Outdoor-Lighting/Outdoor-Wall-Lamps","3",null,null
"380","374","Lighting-Flashlights-LEDs/Outdoor-Lighting/Underwater-Lights","3",null,null
"381","374","Lighting-Flashlights-LEDs/Outdoor-Lighting/Street-Lights","3",null,null
"382","374","Lighting-Flashlights-LEDs/Outdoor-Lighting/Underground-Lamps","3",null,null
"383","374","Lighting-Flashlights-LEDs/Outdoor-Lighting/Lawn-Lamps","3",null,null
"384","374","Lighting-Flashlights-LEDs/Outdoor-Lighting/Lanterns","3",null,null
"385","374","Lighting-Flashlights-LEDs/Outdoor-Lighting/Path-Lights","3",null,null
"386","320","Lighting-Flashlights-LEDs/Holiday-Lighting","2",null,null
"387","386","Lighting-Flashlights-LEDs/Holiday-Lighting/LED-Strips","3",null,null
"388","386","Lighting-Flashlights-LEDs/Holiday-Lighting/Stage-Lighting-Effect","3",null,null
"389","386","Lighting-Flashlights-LEDs/Holiday-Lighting/Night-Lights","3",null,null
"390","386","Lighting-Flashlights-LEDs/Holiday-Lighting/LED-String","3",null,null
"391","386","Lighting-Flashlights-LEDs/Holiday-Lighting/LED-Solar-Lamps","3",null,null
"392","386","Lighting-Flashlights-LEDs/Holiday-Lighting/LED-Table-Lamps","3",null,null
"393","386","Lighting-Flashlights-LEDs/Holiday-Lighting/Optic-Fiber-Lights","3",null,null
"394","386","Lighting-Flashlights-LEDs/Holiday-Lighting/Laser-Flashlights","3",null,null
"395","386","Lighting-Flashlights-LEDs/Holiday-Lighting/Lanterns","3",null,null
"396","320","Lighting-Flashlights-LEDs/Business-Lights","2",null,null
"397","396","Lighting-Flashlights-LEDs/Business-Lights/Stage-DJ-Lighting-Effect","3",null,null
"398","396","Lighting-Flashlights-LEDs/Business-Lights/Advertising-Lights","3",null,null
"399","396","Lighting-Flashlights-LEDs/Business-Lights/Optic-Fiber-Lights","3",null,null
"400","396","Lighting-Flashlights-LEDs/Business-Lights/Laser-Flashlights","3",null,null
"401","396","Lighting-Flashlights-LEDs/Business-Lights/Professional-Lighting","3",null,null
"402","320","Lighting-Flashlights-LEDs/Professional-Lighting","2",null,null
"403","402","Lighting-Flashlights-LEDs/Professional-Lighting/Stage-DJ-Lighting-Effect","3",null,null
"404","402","Lighting-Flashlights-LEDs/Professional-Lighting/Industrial-Lighting","3",null,null
"405","402","Lighting-Flashlights-LEDs/Professional-Lighting/Grow-Lights","3",null,null
"406","402","Lighting-Flashlights-LEDs/Professional-Lighting/Emergency-Lights","3",null,null
"407","402","Lighting-Flashlights-LEDs/Professional-Lighting/Indicator-Lights","3",null,null
"408","402","Lighting-Flashlights-LEDs/Professional-Lighting/Photographic-Lights","3",null,null
"409","402","Lighting-Flashlights-LEDs/Professional-Lighting/UV-GEL-Curing-Lights","3",null,null
"410","320","Lighting-Flashlights-LEDs/Lighting-Accessories","2",null,null
"411","410","Lighting-Flashlights-LEDs/Lighting-Accessories/Lighting-Transformers","3",null,null
"412","410","Lighting-Flashlights-LEDs/Lighting-Accessories/RGB-Controlers","3",null,null
"413","410","Lighting-Flashlights-LEDs/Lighting-Accessories/Lamp-Bases","3",null,null
"414","410","Lighting-Flashlights-LEDs/Lighting-Accessories/Dimmers","3",null,null
"415","410","Lighting-Flashlights-LEDs/Lighting-Accessories/Connectors","3",null,null
"416","410","Lighting-Flashlights-LEDs/Lighting-Accessories/Chandelier-Crystal","3",null,null
"417","410","Lighting-Flashlights-LEDs/Lighting-Accessories/Switches","3",null,null
"418","410","Lighting-Flashlights-LEDs/Lighting-Accessories/Lamp-Holder-Converters","3",null,null
"419","410","Lighting-Flashlights-LEDs/Lighting-Accessories/Wires-Cables","3",null,null
"420","410","Lighting-Flashlights-LEDs/Lighting-Accessories/Light-Beads","3",null,null
"421","410","Lighting-Flashlights-LEDs/Lighting-Accessories/Ballasts","3",null,null
"422","410","Lighting-Flashlights-LEDs/Lighting-Accessories/Flashlight-Mount-Holders","3",null,null
"423","410","Lighting-Flashlights-LEDs/Lighting-Accessories/Lights-Lifters","3",null,null
"424","410","Lighting-Flashlights-LEDs/Lighting-Accessories/Starters","3",null,null
"425","320","Lighting-Flashlights-LEDs/Other-LED-Lighting","2",null,null
"426","425","Lighting-Flashlights-LEDs/Other-LED-Lighting/Gun-Lasers","3",null,null
"427","426","Lighting-Flashlights-LEDs/Other-LED-Lighting/Gun-Lasers/Red-Lasers","4",null,null
"428","426","Lighting-Flashlights-LEDs/Other-LED-Lighting/Gun-Lasers/Green-Lasers","4",null,null
"429","426","Lighting-Flashlights-LEDs/Other-LED-Lighting/Gun-Lasers/Blue-Laser","4",null,null
"430","426","Lighting-Flashlights-LEDs/Other-LED-Lighting/Gun-Lasers/Purple-Laser","4",null,null
"431","426","Lighting-Flashlights-LEDs/Other-LED-Lighting/Gun-Lasers/Gun-Mounts-Lasers-Accessories","4",null,null
"432","425","Lighting-Flashlights-LEDs/Other-LED-Lighting/Wireless-Presenters","3",null,null
"433","425","Lighting-Flashlights-LEDs/Other-LED-Lighting/LED-Keychains","3",null,null
"434",null,"Health-Beauty","1",null,null
"435","434","Health-Beauty/Makeup-Tools-Accessories","2",null,null
"436","435","Health-Beauty/Makeup-Tools-Accessories/Face","3",null,null
"437","435","Health-Beauty/Makeup-Tools-Accessories/Eyes","3",null,null
"438","435","Health-Beauty/Makeup-Tools-Accessories/Lips","3",null,null
"439","435","Health-Beauty/Makeup-Tools-Accessories/Face-Cleaning-Tools","3",null,null
"440","435","Health-Beauty/Makeup-Tools-Accessories/Eyebrow-Shaping-Tools","3",null,null
"441","435","Health-Beauty/Makeup-Tools-Accessories/Eyes-Tools-Accessories","3",null,null
"442","435","Health-Beauty/Makeup-Tools-Accessories/Cosmetic-Bags","3",null,null
"443","435","Health-Beauty/Makeup-Tools-Accessories/Cosmetic-Brushes","3",null,null
"444","435","Health-Beauty/Makeup-Tools-Accessories/Skincare-Tools-Accessories","3",null,null
"445","435","Health-Beauty/Makeup-Tools-Accessories/Others","3",null,null
"446","434","Health-Beauty/Wig-Accessories","2",null,null
"447","446","Health-Beauty/Wig-Accessories/Fashion-Wigs","3",null,null
"448","446","Health-Beauty/Wig-Accessories/Cosplay-Wigs","3",null,null
"449","446","Health-Beauty/Wig-Accessories/Gradient-Wigs","3",null,null
"450","446","Health-Beauty/Wig-Accessories/Clip-In-Wigs","3",null,null
"451","446","Health-Beauty/Wig-Accessories/Partial-Wigs","3",null,null
"452","446","Health-Beauty/Wig-Accessories/Halloween-Wigs","3",null,null
"453","446","Health-Beauty/Wig-Accessories/Hairxtensions","3",null,null
"454","446","Health-Beauty/Wig-Accessories/Wig-Hair-Bands","3",null,null
"455","446","Health-Beauty/Wig-Accessories/Wig-Hair-Bags","3",null,null
"456","446","Health-Beauty/Wig-Accessories/Caring-Tools","3",null,null
"457","446","Health-Beauty/Wig-Accessories/Others","3",null,null
"458","434","Health-Beauty/Hair-Care","2",null,null
"459","458","Health-Beauty/Hair-Care/Hair-Dryers","3",null,null
"460","458","Health-Beauty/Hair-Care/Curling-Straightening-Irons","3",null,null
"461","458","Health-Beauty/Hair-Care/Haircissors","3",null,null
"462","458","Health-Beauty/Hair-Care/Styling-Tools","3",null,null
"463","434","Health-Beauty/Nail-Care","2",null,null
"464","463","Health-Beauty/Nail-Care/Nail-Polish","3",null,null
"465","463","Health-Beauty/Nail-Care/Nail-Polish-Sets-Kits","3",null,null
"466","463","Health-Beauty/Nail-Care/Nail-Art-Decorations","3",null,null
"467","463","Health-Beauty/Nail-Care/Nail-Art-Nursing-Machines","3",null,null
"468","463","Health-Beauty/Nail-Care/Nail-Dryers","3",null,null
"469","463","Health-Beauty/Nail-Care/Foot-Care","3",null,null
"470","463","Health-Beauty/Nail-Care/Nail-Art-Accessories","3",null,null
"471","434","Health-Beauty/Oral-Care","2",null,null
"472","434","Health-Beauty/Health-Personal-Care","2",null,null
"473","472","Health-Beauty/Health-Personal-Care/Testing-Equipment-Accessories","3",null,null
"474","472","Health-Beauty/Health-Personal-Care/Spa-Equipment-Accessories","3",null,null
"475","472","Health-Beauty/Health-Personal-Care/Wax-Therapy-Instruments-Accessories","3",null,null
"476","472","Health-Beauty/Health-Personal-Care/Aromatherapy-Products-Accessories","3",null,null
"477","472","Health-Beauty/Health-Personal-Care/Slimming-Equipment-Accessories","3",null,null
"478","472","Health-Beauty/Health-Personal-Care/Body-Care-Sets-Kits","3",null,null
"479","472","Health-Beauty/Health-Personal-Care/Others","3",null,null
"480","472","Health-Beauty/Health-Personal-Care/Shaving-Hair-Removal","3",null,null
"481","472","Health-Beauty/Health-Personal-Care/Massage-Tools","3",null,null
"482","472","Health-Beauty/Health-Personal-Care/Bath-Shower","3",null,null
"483","472","Health-Beauty/Health-Personal-Care/Adult-Products","3",null,null
"484","434","Health-Beauty/Tattoos-Body-Art","2",null,null
"485","484","Health-Beauty/Tattoos-Body-Art/Tattoo-Machines","3",null,null
"486","484","Health-Beauty/Tattoos-Body-Art/Tattoo-Power-Supplies","3",null,null
"487","484","Health-Beauty/Tattoos-Body-Art/Tattoo-Tools-Parts","3",null,null
"488","484","Health-Beauty/Tattoos-Body-Art/Eyebrow-Tattoo-Tools-Parts","3",null,null
"489","484","Health-Beauty/Tattoos-Body-Art/Tattoo-Sets-Kits","3",null,null
"490","484","Health-Beauty/Tattoos-Body-Art/Body-Art-Accessories","3",null,null
"491","434","Health-Beauty/DIY-Tools-Accessories","2",null,null
"492",null,"Car-Accessories","1",null,null
"493","492","Car-Accessories/Air-Conditioning-and-Heat","2",null,null
"494","493","Car-Accessories/Air-Conditioning-and-Heat/A-C-Compressor-Clutch","3",null,null
"495","493","Car-Accessories/Air-Conditioning-and-Heat/A-C-Hoses-Fittings","3",null,null
"496","493","Car-Accessories/Air-Conditioning-and-Heat/A-C-Heater-Controls","3",null,null
"497","493","Car-Accessories/Air-Conditioning-and-Heat/Blower-Motors","3",null,null
"498","493","Car-Accessories/Air-Conditioning-and-Heat/Condensers-Evaporators","3",null,null
"499","493","Car-Accessories/Air-Conditioning-and-Heat/Heater-Parts","3",null,null
"500","493","Car-Accessories/Air-Conditioning-and-Heat/Other","3",null,null
"501","492","Car-Accessories/Lighting-Lamps","2",null,null
"502","501","Car-Accessories/Lighting-Lamps/Corner-Lights","3",null,null
"503","501","Car-Accessories/Lighting-Lamps/Fog-Driving-Lights","3",null,null
"504","501","Car-Accessories/Lighting-Lamps/Headlight-Tail-Light-Covers","3",null,null
"505","501","Car-Accessories/Lighting-Lamps/Headlights","3",null,null
"506","501","Car-Accessories/Lighting-Lamps/Instrument-Panel-Lights","3",null,null
"507","501","Car-Accessories/Lighting-Lamps/Interior-Lights","3",null,null
"508","501","Car-Accessories/Lighting-Lamps/LED-LightsLED","3",null,null
"509","501","Car-Accessories/Lighting-Lamps/Neon-Lights","3",null,null
"510","501","Car-Accessories/Lighting-Lamps/Side-Marker-Lights","3",null,null
"511","501","Car-Accessories/Lighting-Lamps/Tail-Lights","3",null,null
"512","501","Car-Accessories/Lighting-Lamps/Turn-Signals","3",null,null
"513","501","Car-Accessories/Lighting-Lamps/Xenon-Lights","3",null,null
"514","501","Car-Accessories/Lighting-Lamps/Other","3",null,null
"515","492","Car-Accessories/Safety-Security","2",null,null
"516","515","Car-Accessories/Safety-Security/Air-Bags","3",null,null
"517","515","Car-Accessories/Safety-Security/Air-Bags-Parts","3",null,null
"518","515","Car-Accessories/Safety-Security/Anti-Theft-Devices","3",null,null
"519","515","Car-Accessories/Safety-Security/Car-Alarms","3",null,null
"520","515","Car-Accessories/Safety-Security/Fire-Extinguishers","3",null,null
"521","515","Car-Accessories/Safety-Security/Keyless-Entry-Remote-Fob","3",null,null
"522","515","Car-Accessories/Safety-Security/Remote-Car-Start","3",null,null
"523","515","Car-Accessories/Safety-Security/Seat-Belts-Parts","3",null,null
"524","515","Car-Accessories/Safety-Security/Other","3",null,null
"525","492","Car-Accessories/Air-Intake-and-Fuel-Delivery","2",null,null
"526","525","Car-Accessories/Air-Intake-and-Fuel-Delivery/Air-Cleaner-Assemblies","3",null,null
"527","525","Car-Accessories/Air-Intake-and-Fuel-Delivery/Air-Intake-Systems","3",null,null
"528","525","Car-Accessories/Air-Intake-and-Fuel-Delivery/Carburetors","3",null,null
"529","525","Car-Accessories/Air-Intake-and-Fuel-Delivery/Carburetor-Parts","3",null,null
"530","525","Car-Accessories/Air-Intake-and-Fuel-Delivery/Chokes","3",null,null
"531","525","Car-Accessories/Air-Intake-and-Fuel-Delivery/Fuel-Inject-Controls-Parts-","3",null,null
"532","525","Car-Accessories/Air-Intake-and-Fuel-Delivery/Fuel-Injectors","3",null,null
"533","525","Car-Accessories/Air-Intake-and-Fuel-Delivery/Fuel-Pumps","3",null,null
"534","525","Car-Accessories/Air-Intake-and-Fuel-Delivery/Fuel-Tanks","3",null,null
"535","525","Car-Accessories/Air-Intake-and-Fuel-Delivery/Intake-Manifold","3",null,null
"536","525","Car-Accessories/Air-Intake-and-Fuel-Delivery/Sensors","3",null,null
"537","525","Car-Accessories/Air-Intake-and-Fuel-Delivery/Throttle-Body","3",null,null
"538","525","Car-Accessories/Air-Intake-and-Fuel-Delivery/Other","3",null,null
"539","492","Car-Accessories/Brakes","2",null,null
"540","539","Car-Accessories/Brakes/ABS-System-PartsABS","3",null,null
"541","539","Car-Accessories/Brakes/Brake-Hoses","3",null,null
"542","539","Car-Accessories/Brakes/Brake-Lines","3",null,null
"543","539","Car-Accessories/Brakes/Caliper-Parts","3",null,null
"544","539","Car-Accessories/Brakes/Discs-Rotors-Hardware-","3",null,null
"545","539","Car-Accessories/Brakes/Drums-Hardware","3",null,null
"546","539","Car-Accessories/Brakes/Master-Cylinders-Parts","3",null,null
"547","539","Car-Accessories/Brakes/Pads-Shoes","3",null,null
"548","539","Car-Accessories/Brakes/Parking-Brake-Cables","3",null,null
"549","539","Car-Accessories/Brakes/Sensors-Switches","3",null,null
"550","539","Car-Accessories/Brakes/Trailer-Brakes","3",null,null
"551","539","Car-Accessories/Brakes/Wheel-Cylinders-Parts","3",null,null
"552","539","Car-Accessories/Brakes/Other","3",null,null
"553","492","Car-Accessories/Charging-Starting-Systems","2",null,null
"554","553","Car-Accessories/Charging-Starting-Systems/Alternators-Generators","3",null,null
"555","553","Car-Accessories/Charging-Starting-Systems/Alternators-Generators-Parts","3",null,null
"556","553","Car-Accessories/Charging-Starting-Systems/Batteries","3",null,null
"557","553","Car-Accessories/Charging-Starting-Systems/Battery-Cables-Connectors","3",null,null
"558","553","Car-Accessories/Charging-Starting-Systems/Battery-Trays","3",null,null
"559","553","Car-Accessories/Charging-Starting-Systems/Starters","3",null,null
"560","553","Car-Accessories/Charging-Starting-Systems/Starters-Parts","3",null,null
"561","553","Car-Accessories/Charging-Starting-Systems/Voltage-Regulators","3",null,null
"562","553","Car-Accessories/Charging-Starting-Systems/Other","3",null,null
"563","492","Car-Accessories/Computer-Chip-Cruise-Control-","2",null,null
"564","563","Car-Accessories/Computer-Chip-Cruise-Control-/Cruise-Control-Units","3",null,null
"565","563","Car-Accessories/Computer-Chip-Cruise-Control-/Engine-Computers","3",null,null
"566","563","Car-Accessories/Computer-Chip-Cruise-Control-/Performance-Chips","3",null,null
"567","563","Car-Accessories/Computer-Chip-Cruise-Control-/Other","3",null,null
"568","492","Car-Accessories/Cooling-System","2",null,null
"569","568","Car-Accessories/Cooling-System/Fans-Kits","3",null,null
"570","568","Car-Accessories/Cooling-System/Hoses-Clamps","3",null,null
"571","568","Car-Accessories/Cooling-System/Oil-Coolers","3",null,null
"572","568","Car-Accessories/Cooling-System/Radiators-Parts","3",null,null
"573","568","Car-Accessories/Cooling-System/Thermostats-Parts","3",null,null
"574","568","Car-Accessories/Cooling-System/Water-Pumps","3",null,null
"575","568","Car-Accessories/Cooling-System/Other","3",null,null
"576","492","Car-Accessories/Decals-Emblems-License-Frames-","2",null,null
"577","576","Car-Accessories/Decals-Emblems-License-Frames-/Decals-Stickers","3",null,null
"578","576","Car-Accessories/Decals-Emblems-License-Frames-/Emblems","3",null,null
"579","576","Car-Accessories/Decals-Emblems-License-Frames-/License-Plate-Frames","3",null,null
"580","576","Car-Accessories/Decals-Emblems-License-Frames-/Other","3",null,null
"581","492","Car-Accessories/Electric-Vehicle-Parts","2",null,null
"582","581","Car-Accessories/Electric-Vehicle-Parts/Accessories","3",null,null
"583","581","Car-Accessories/Electric-Vehicle-Parts/Chargers-Service-Equipment","3",null,null
"584","581","Car-Accessories/Electric-Vehicle-Parts/Controllers","3",null,null
"585","581","Car-Accessories/Electric-Vehicle-Parts/Converters-Inverters","3",null,null
"586","581","Car-Accessories/Electric-Vehicle-Parts/Conversion-Kits","3",null,null
"587","581","Car-Accessories/Electric-Vehicle-Parts/Electric-Vehicle-Batteries","3",null,null
"588","581","Car-Accessories/Electric-Vehicle-Parts/Motors","3",null,null
"589","581","Car-Accessories/Electric-Vehicle-Parts/Other","3",null,null
"590","492","Car-Accessories/Emission-System","2",null,null
"591","590","Car-Accessories/Emission-System/Air-Bypass-Valves","3",null,null
"592","590","Car-Accessories/Emission-System/EGR-Valves-PartsEGR","3",null,null
"593","590","Car-Accessories/Emission-System/Emissions-Modules-Control-Units-","3",null,null
"594","590","Car-Accessories/Emission-System/Smog-Air-Pumps","3",null,null
"595","590","Car-Accessories/Emission-System/Other","3",null,null
"596","492","Car-Accessories/Engines-Components","2",null,null
"597","596","Car-Accessories/Engines-Components/Belts-Pulleys-Brackets-","3",null,null
"598","596","Car-Accessories/Engines-Components/Block-Parts","3",null,null
"599","596","Car-Accessories/Engines-Components/Camshafts-Lifters-Parts-","3",null,null
"600","596","Car-Accessories/Engines-Components/Complete-Engines","3",null,null
"601","596","Car-Accessories/Engines-Components/Crankshafts-Parts","3",null,null
"602","596","Car-Accessories/Engines-Components/Cylinder-Heads-Parts","3",null,null
"603","596","Car-Accessories/Engines-Components/Engine-Bearings","3",null,null
"604","596","Car-Accessories/Engines-Components/Engine-Rebuilding-Kits","3",null,null
"605","596","Car-Accessories/Engines-Components/Motor-Mounts","3",null,null
"606","596","Car-Accessories/Engines-Components/Oil-Filler-Caps","3",null,null
"607","596","Car-Accessories/Engines-Components/Oil-Pans","3",null,null
"608","596","Car-Accessories/Engines-Components/Oil-Pumps","3",null,null
"609","596","Car-Accessories/Engines-Components/Pistons-Rings-Rods-Parts-","3",null,null
"610","596","Car-Accessories/Engines-Components/Rocker-Arms-Parts","3",null,null
"611","596","Car-Accessories/Engines-Components/Timing-Components","3",null,null
"612","596","Car-Accessories/Engines-Components/Vacuum-Pumps","3",null,null
"613","596","Car-Accessories/Engines-Components/Valve-Covers","3",null,null
"614","596","Car-Accessories/Engines-Components/Valves-Parts","3",null,null
"615","596","Car-Accessories/Engines-Components/Other","3",null,null
"616","492","Car-Accessories/Exhaust","2",null,null
"617","616","Car-Accessories/Exhaust/Catalytic-Converters","3",null,null
"618","616","Car-Accessories/Exhaust/Exhaust-Headers","3",null,null
"619","616","Car-Accessories/Exhaust/Exhaust-Manifolds","3",null,null
"620","616","Car-Accessories/Exhaust/Exhaust-Pipes-Tips","3",null,null
"621","616","Car-Accessories/Exhaust/Exhaust-Systems","3",null,null
"622","616","Car-Accessories/Exhaust/Hangers-Clamps-Flanges-","3",null,null
"623","616","Car-Accessories/Exhaust/Heat-Risers","3",null,null
"624","616","Car-Accessories/Exhaust/Mufflers","3",null,null
"625","616","Car-Accessories/Exhaust/Other","3",null,null
"626","492","Car-Accessories/Exterior","2",null,null
"627","626","Car-Accessories/Exterior/Air-Dams","3",null,null
"628","626","Car-Accessories/Exterior/Antennas","3",null,null
"629","626","Car-Accessories/Exterior/Body-Kits","3",null,null
"630","626","Car-Accessories/Exterior/Bras","3",null,null
"631","626","Car-Accessories/Exterior/Bug-Shields","3",null,null
"632","626","Car-Accessories/Exterior/Bumpers","3",null,null
"633","626","Car-Accessories/Exterior/Car-Covers","3",null,null
"634","626","Car-Accessories/Exterior/Door-Hinge-Conversion-KitsDoor-Hinge-Conversion-Kits","3",null,null
"635","626","Car-Accessories/Exterior/Exterior-Door-Panels-FramesExterior-Door-Panels-Frames","3",null,null
"636","626","Car-Accessories/Exterior/Exterior-Door-Handles","3",null,null
"637","626","Car-Accessories/Exterior/Fenders","3",null,null
"638","626","Car-Accessories/Exterior/Grilles","3",null,null
"639","626","Car-Accessories/Exterior/Hoods","3",null,null
"640","626","Car-Accessories/Exterior/Locks-Hardware","3",null,null
"641","626","Car-Accessories/Exterior/Mirrors","3",null,null
"642","626","Car-Accessories/Exterior/Mouldings-TrimTrim","3",null,null
"643","626","Car-Accessories/Exterior/Nerf-Bars-Running-Boards","3",null,null
"644","626","Car-Accessories/Exterior/Racks","3",null,null
"645","626","Car-Accessories/Exterior/Snow-Plows-Parts","3",null,null
"646","626","Car-Accessories/Exterior/Splash-Guards-Mud-Flaps","3",null,null
"647","626","Car-Accessories/Exterior/Spoilers-Wings","3",null,null
"648","626","Car-Accessories/Exterior/Sunroof-Convertible-Hardtop-","3",null,null
"649","626","Car-Accessories/Exterior/Tailgates-LiftgatesLiftgates","3",null,null
"650","626","Car-Accessories/Exterior/Towing-Hauling","3",null,null
"651","626","Car-Accessories/Exterior/Truck-Bed-Accessories","3",null,null
"652","626","Car-Accessories/Exterior/Trunk-Lids-Parts","3",null,null
"653","626","Car-Accessories/Exterior/Windshield-Wiper-Blades","3",null,null
"654","626","Car-Accessories/Exterior/Windshield-Wiper-Systems","3",null,null
"655","626","Car-Accessories/Exterior/Other","3",null,null
"656","492","Car-Accessories/Filters","2",null,null
"657","656","Car-Accessories/Filters/Air-Filters","3",null,null
"658","656","Car-Accessories/Filters/Fuel-Filters","3",null,null
"659","656","Car-Accessories/Filters/Oil-Filters","3",null,null
"660","656","Car-Accessories/Filters/Transmission-Filters","3",null,null
"661","656","Car-Accessories/Filters/Other","3",null,null
"662","492","Car-Accessories/Gaskets","2",null,null
"663","662","Car-Accessories/Gaskets/Cyl-Head-Valve-Cover-GasketCYL-","3",null,null
"664","662","Car-Accessories/Gaskets/Exhaust-Gaskets","3",null,null
"665","662","Car-Accessories/Gaskets/Full-Set-Gaskets","3",null,null
"666","662","Car-Accessories/Gaskets/Intake-Gaskets","3",null,null
"667","662","Car-Accessories/Gaskets/Oil-Pan-Gaskets","3",null,null
"668","662","Car-Accessories/Gaskets/Other","3",null,null
"669","492","Car-Accessories/Gauges","2",null,null
"670","669","Car-Accessories/Gauges/Boost-Gauges","3",null,null
"671","669","Car-Accessories/Gauges/Clocks","3",null,null
"672","669","Car-Accessories/Gauges/Fuel-Gauges","3",null,null
"673","669","Car-Accessories/Gauges/Gauge-Trim","3",null,null
"674","669","Car-Accessories/Gauges/Glow-Gauges","3",null,null
"675","669","Car-Accessories/Gauges/Instrument-Clusters","3",null,null
"676","669","Car-Accessories/Gauges/Oil-Pressure-Gauges","3",null,null
"677","669","Car-Accessories/Gauges/Panel-Gauges","3",null,null
"678","669","Car-Accessories/Gauges/Speedometers","3",null,null
"679","669","Car-Accessories/Gauges/Tachometers","3",null,null
"680","669","Car-Accessories/Gauges/Vacuum-Gauges","3",null,null
"681","669","Car-Accessories/Gauges/Volt-Meters","3",null,null
"682","669","Car-Accessories/Gauges/Water-Temp-Gauges","3",null,null
"683","669","Car-Accessories/Gauges/Other","3",null,null
"684","492","Car-Accessories/Glass","2",null,null
"685","684","Car-Accessories/Glass/Auto-Glass","3",null,null
"686","684","Car-Accessories/Glass/Auto-Seals","3",null,null
"687","684","Car-Accessories/Glass/Window-Tint","3",null,null
"688","684","Car-Accessories/Glass/Windshields","3",null,null
"689","684","Car-Accessories/Glass/Other","3",null,null
"690","492","Car-Accessories/Ignition-System","2",null,null
"691","690","Car-Accessories/Ignition-System/Caps-Rotors-Contacts-","3",null,null
"692","690","Car-Accessories/Ignition-System/Coils-Modules-Pick-Ups-","3",null,null
"693","690","Car-Accessories/Ignition-System/Distributors-Parts","3",null,null
"694","690","Car-Accessories/Ignition-System/Electronic-Ignition","3",null,null
"695","690","Car-Accessories/Ignition-System/Ignition-Wires","3",null,null
"696","690","Car-Accessories/Ignition-System/Key-Blanks","3",null,null
"697","690","Car-Accessories/Ignition-System/Spark-Plugs-Glow-Plugs","3",null,null
"698","690","Car-Accessories/Ignition-System/Other","3",null,null
"699","492","Car-Accessories/Interior","2",null,null
"700","699","Car-Accessories/Interior/Cargo-Nets-Trays-Liners-","3",null,null
"701","699","Car-Accessories/Interior/Consoles-Parts","3",null,null
"702","699","Car-Accessories/Interior/Cup-Holders","3",null,null
"703","699","Car-Accessories/Interior/Dash-Parts","3",null,null
"704","699","Car-Accessories/Interior/Floor-Mats-Carpets","3",null,null
"705","699","Car-Accessories/Interior/Glove-Boxes","3",null,null
"706","699","Car-Accessories/Interior/Interior-Door-Handles","3",null,null
"707","699","Car-Accessories/Interior/Interior-Door-Panels-Parts","3",null,null
"708","699","Car-Accessories/Interior/Mirrors","3",null,null
"709","699","Car-Accessories/Interior/Pedals-Pads","3",null,null
"710","699","Car-Accessories/Interior/Seats","3",null,null
"711","699","Car-Accessories/Interior/Seat-Belt-Shoulder-Pads","3",null,null
"712","699","Car-Accessories/Interior/Seat-Covers","3",null,null
"713","699","Car-Accessories/Interior/Shift-Knobs-Boots","3",null,null
"714","699","Car-Accessories/Interior/Steering-Wheels-Horns","3",null,null
"715","699","Car-Accessories/Interior/Sun-Visors","3",null,null
"716","699","Car-Accessories/Interior/Switches-Controls","3",null,null
"717","699","Car-Accessories/Interior/Trim","3",null,null
"718","699","Car-Accessories/Interior/Window-Cranks-Parts","3",null,null
"719","699","Car-Accessories/Interior/Window-Motors-Parts","3",null,null
"720","699","Car-Accessories/Interior/Other","3",null,null
"721","492","Car-Accessories/Suspension-Steering","2",null,null
"722","721","Car-Accessories/Suspension-Steering/Ball-Joints","3",null,null
"723","721","Car-Accessories/Suspension-Steering/Caster-Camber-Kits","3",null,null
"724","721","Car-Accessories/Suspension-Steering/Coil-Springs","3",null,null
"725","721","Car-Accessories/Suspension-Steering/Control-Arms-Parts","3",null,null
"726","721","Car-Accessories/Suspension-Steering/Leaf-Springs","3",null,null
"727","721","Car-Accessories/Suspension-Steering/Lift-Kits-Parts","3",null,null
"728","721","Car-Accessories/Suspension-Steering/Lower-Kits-Parts","3",null,null
"729","721","Car-Accessories/Suspension-Steering/Pitman-Idler-Arms","3",null,null
"730","721","Car-Accessories/Suspension-Steering/Power-Steering-Pumps-Parts","3",null,null
"731","721","Car-Accessories/Suspension-Steering/Steering-Racks-Gear-Boxes","3",null,null
"732","721","Car-Accessories/Suspension-Steering/Shocks-Struts","3",null,null
"733","721","Car-Accessories/Suspension-Steering/Strut-Bars","3",null,null
"734","721","Car-Accessories/Suspension-Steering/Sway-Bars","3",null,null
"735","721","Car-Accessories/Suspension-Steering/Tie-Rod-Linkages","3",null,null
"736","721","Car-Accessories/Suspension-Steering/Other","3",null,null
"737","492","Car-Accessories/Transmission-and-Drivetrain","2",null,null
"738","737","Car-Accessories/Transmission-and-Drivetrain/Automatic-Transmission-Parts","3",null,null
"739","737","Car-Accessories/Transmission-and-Drivetrain/Axle-Parts","3",null,null
"740","737","Car-Accessories/Transmission-and-Drivetrain/CV-PartsCV","3",null,null
"741","737","Car-Accessories/Transmission-and-Drivetrain/Clutches-Parts","3",null,null
"742","737","Car-Accessories/Transmission-and-Drivetrain/Differentials-Parts","3",null,null
"743","737","Car-Accessories/Transmission-and-Drivetrain/Flywheels-Flexplates-Parts-Flexplates","3",null,null
"744","737","Car-Accessories/Transmission-and-Drivetrain/Manual-Transmission-Parts","3",null,null
"745","737","Car-Accessories/Transmission-and-Drivetrain/Pressure-Plates","3",null,null
"746","737","Car-Accessories/Transmission-and-Drivetrain/Shifters","3",null,null
"747","737","Car-Accessories/Transmission-and-Drivetrain/Torque-Converters","3",null,null
"748","737","Car-Accessories/Transmission-and-Drivetrain/Transmission-Rebuild-Kits","3",null,null
"749","737","Car-Accessories/Transmission-and-Drivetrain/Universal-Joints-Driveshafts","3",null,null
"750","737","Car-Accessories/Transmission-and-Drivetrain/Other","3",null,null
"751","492","Car-Accessories/Turbos-Nitrous-Superchargers-","2",null,null
"752","751","Car-Accessories/Turbos-Nitrous-Superchargers-/Nitrous-Parts","3",null,null
"753","751","Car-Accessories/Turbos-Nitrous-Superchargers-/Superchargers-Parts","3",null,null
"754","751","Car-Accessories/Turbos-Nitrous-Superchargers-/Turbo-Chargers-Parts","3",null,null
"755","492","Car-Accessories/Wheels-Tires-Parts-","2",null,null
"756","755","Car-Accessories/Wheels-Tires-Parts-/Hub-Caps","3",null,null
"757","755","Car-Accessories/Wheels-Tires-Parts-/Tire-Pressure-Monitor-SystemsTire-Pressure-Monitor-Systems","3",null,null
"758","755","Car-Accessories/Wheels-Tires-Parts-/Tires","3",null,null
"759","755","Car-Accessories/Wheels-Tires-Parts-/Tire-Accessories","3",null,null
"760","755","Car-Accessories/Wheels-Tires-Parts-/Tire-ChainsTire-Chains","3",null,null
"761","755","Car-Accessories/Wheels-Tires-Parts-/Valve-Stems-Caps","3",null,null
"762","755","Car-Accessories/Wheels-Tires-Parts-/Wheels","3",null,null
"763","755","Car-Accessories/Wheels-Tires-Parts-/Wheel-Tire-Packages","3",null,null
"764","755","Car-Accessories/Wheels-Tires-Parts-/Wheel-Center-Caps","3",null,null
"765","755","Car-Accessories/Wheels-Tires-Parts-/Wheel-Lugs","3",null,null
"766","755","Car-Accessories/Wheels-Tires-Parts-/Wheel-Hubs-Bearings","3",null,null
"767","755","Car-Accessories/Wheels-Tires-Parts-/Other","3",null,null
"768",null,"Apparel-Jewelry","1",null,null
"769","768","Apparel-Jewelry/Women-s-Apparel","2",null,null
"770","769","Apparel-Jewelry/Women-s-Apparel/Blazers-Coats","3",null,null
"771","769","Apparel-Jewelry/Women-s-Apparel/Knitwear","3",null,null
"772","769","Apparel-Jewelry/Women-s-Apparel/Shirts-Blouses","3",null,null
"773","769","Apparel-Jewelry/Women-s-Apparel/Dresses","3",null,null
"774","769","Apparel-Jewelry/Women-s-Apparel/Tops-Vests","3",null,null
"775","769","Apparel-Jewelry/Women-s-Apparel/Jumpsuits-Rompers","3",null,null
"776","769","Apparel-Jewelry/Women-s-Apparel/Hosiery-Leggings","3",null,null
"777","769","Apparel-Jewelry/Women-s-Apparel/Underwear","3",null,null
"778","769","Apparel-Jewelry/Women-s-Apparel/Swimwear","3",null,null
"779","769","Apparel-Jewelry/Women-s-Apparel/Socks","3",null,null
"780","768","Apparel-Jewelry/Men-s-Apparel","2",null,null
"781","780","Apparel-Jewelry/Men-s-Apparel/Jeans-Pants","3",null,null
"782","780","Apparel-Jewelry/Men-s-Apparel/Jackets-Coats","3",null,null
"783","780","Apparel-Jewelry/Men-s-Apparel/T-shirts-Polo","3",null,null
"784","780","Apparel-Jewelry/Men-s-Apparel/Underwear","3",null,null
"785","780","Apparel-Jewelry/Men-s-Apparel/Suits-Blazers","3",null,null
"786","780","Apparel-Jewelry/Men-s-Apparel/Socks","3",null,null
"787","780","Apparel-Jewelry/Men-s-Apparel/Swimmer","3",null,null
"788","768","Apparel-Jewelry/Sexy-Lingerie","2",null,null
"789","788","Apparel-Jewelry/Sexy-Lingerie/Women-s-Lingerie","3",null,null
"790","788","Apparel-Jewelry/Sexy-Lingerie/Men-s-Lingerie","3",null,null
"791","768","Apparel-Jewelry/Baby-Boys-Clothing","2",null,null
"792","791","Apparel-Jewelry/Baby-Boys-Clothing/Clothing-Sets","3",null,null
"793","791","Apparel-Jewelry/Baby-Boys-Clothing/Bodysuits-One-Pieces","3",null,null
"794","791","Apparel-Jewelry/Baby-Boys-Clothing/Accessories","3",null,null
"795","791","Apparel-Jewelry/Baby-Boys-Clothing/Socks-Leg-Warmers","3",null,null
"796","791","Apparel-Jewelry/Baby-Boys-Clothing/Pants","3",null,null
"797","791","Apparel-Jewelry/Baby-Boys-Clothing/Sleepwear-Robes","3",null,null
"798","791","Apparel-Jewelry/Baby-Boys-Clothing/Hoodies-Sweatshirts","3",null,null
"799","791","Apparel-Jewelry/Baby-Boys-Clothing/Outerwear-Coats","3",null,null
"800","791","Apparel-Jewelry/Baby-Boys-Clothing/Underwear-Diaper-Covers","3",null,null
"801","791","Apparel-Jewelry/Baby-Boys-Clothing/Shorts","3",null,null
"802","791","Apparel-Jewelry/Baby-Boys-Clothing/Sweaters","3",null,null
"803","791","Apparel-Jewelry/Baby-Boys-Clothing/Tops","3",null,null
"804","791","Apparel-Jewelry/Baby-Boys-Clothing/Swimwear","3",null,null
"805","768","Apparel-Jewelry/Baby-Girls-Clothing","2",null,null
"806","805","Apparel-Jewelry/Baby-Girls-Clothing/Clothing-Sets","3",null,null
"807","805","Apparel-Jewelry/Baby-Girls-Clothing/Bodysuits-One-Pieces","3",null,null
"808","805","Apparel-Jewelry/Baby-Girls-Clothing/Accessories","3",null,null
"809","805","Apparel-Jewelry/Baby-Girls-Clothing/Dresses","3",null,null
"810","805","Apparel-Jewelry/Baby-Girls-Clothing/Socks-Tights","3",null,null
"811","805","Apparel-Jewelry/Baby-Girls-Clothing/Pants","3",null,null
"812","805","Apparel-Jewelry/Baby-Girls-Clothing/Outerwear-Coats","3",null,null
"813","805","Apparel-Jewelry/Baby-Girls-Clothing/Sleepwear-Robes","3",null,null
"814","805","Apparel-Jewelry/Baby-Girls-Clothing/Shorts","3",null,null
"815","805","Apparel-Jewelry/Baby-Girls-Clothing/Underwear-Diaper-Covers-Bloomers","3",null,null
"816","805","Apparel-Jewelry/Baby-Girls-Clothing/Skirts","3",null,null
"817","805","Apparel-Jewelry/Baby-Girls-Clothing/Hoodies-Sweatshirts","3",null,null
"818","805","Apparel-Jewelry/Baby-Girls-Clothing/Swimwear","3",null,null
"819","805","Apparel-Jewelry/Baby-Girls-Clothing/Sweaters","3",null,null
"820","805","Apparel-Jewelry/Baby-Girls-Clothing/Tops","3",null,null
"821","768","Apparel-Jewelry/Girls-Clothing","2",null,null
"822","821","Apparel-Jewelry/Girls-Clothing/Dresses","3",null,null
"823","821","Apparel-Jewelry/Girls-Clothing/Clothing-Sets","3",null,null
"824","821","Apparel-Jewelry/Girls-Clothing/Accessories","3",null,null
"825","821","Apparel-Jewelry/Girls-Clothing/Outerwear-Coats","3",null,null
"826","821","Apparel-Jewelry/Girls-Clothing/Tops-Tees","3",null,null
"827","821","Apparel-Jewelry/Girls-Clothing/Pants","3",null,null
"828","821","Apparel-Jewelry/Girls-Clothing/Skirts","3",null,null
"829","821","Apparel-Jewelry/Girls-Clothing/Hoodies-Sweatshirts","3",null,null
"830","821","Apparel-Jewelry/Girls-Clothing/Blouses-Shirts","3",null,null
"831","821","Apparel-Jewelry/Girls-Clothing/Swimwear","3",null,null
"832","821","Apparel-Jewelry/Girls-Clothing/Sweaters","3",null,null
"833","821","Apparel-Jewelry/Girls-Clothing/Jeans","3",null,null
"834","821","Apparel-Jewelry/Girls-Clothing/Socks-Tights-Leggings","3",null,null
"835","821","Apparel-Jewelry/Girls-Clothing/Sleepwear-Robes","3",null,null
"836","821","Apparel-Jewelry/Girls-Clothing/Underwear","3",null,null
"837","821","Apparel-Jewelry/Girls-Clothing/Shorts","3",null,null
"838","821","Apparel-Jewelry/Girls-Clothing/Overalls","3",null,null
"839","768","Apparel-Jewelry/Boys-Clothing","2",null,null
"840","839","Apparel-Jewelry/Boys-Clothing/Clothing-Sets","3",null,null
"841","839","Apparel-Jewelry/Boys-Clothing/Accessories","3",null,null
"842","839","Apparel-Jewelry/Boys-Clothing/Outerwear-Coats","3",null,null
"843","839","Apparel-Jewelry/Boys-Clothing/Tops-Tees","3",null,null
"844","839","Apparel-Jewelry/Boys-Clothing/Pants","3",null,null
"845","839","Apparel-Jewelry/Boys-Clothing/Leg-Warmers","3",null,null
"846","839","Apparel-Jewelry/Boys-Clothing/Hoodies-Sweatshirts","3",null,null
"847","839","Apparel-Jewelry/Boys-Clothing/Blouses-Shirts","3",null,null
"848","839","Apparel-Jewelry/Boys-Clothing/Swimwear","3",null,null
"849","839","Apparel-Jewelry/Boys-Clothing/Sweaters","3",null,null
"850","839","Apparel-Jewelry/Boys-Clothing/Jeans","3",null,null
"851","839","Apparel-Jewelry/Boys-Clothing/Suits-Blazers","3",null,null
"852","839","Apparel-Jewelry/Boys-Clothing/Socks","3",null,null
"853","839","Apparel-Jewelry/Boys-Clothing/Sleepwear-Robes","3",null,null
"854","839","Apparel-Jewelry/Boys-Clothing/Underwear","3",null,null
"855","839","Apparel-Jewelry/Boys-Clothing/Shorts","3",null,null
"856","839","Apparel-Jewelry/Boys-Clothing/Overalls","3",null,null
"857","768","Apparel-Jewelry/Skirts","2",null,null
"858","768","Apparel-Jewelry/Hats-Caps","2",null,null
"859","768","Apparel-Jewelry/Hip-Scarves","2",null,null
"860","768","Apparel-Jewelry/Bridesmaid-Dresses","2",null,null
"861","768","Apparel-Jewelry/Scarves-Shawls","2",null,null
"862","768","Apparel-Jewelry/Accessories","2",null,null
"863","768","Apparel-Jewelry/Women-s-Shoes","2",null,null
"864","863","Apparel-Jewelry/Women-s-Shoes/Boots","3",null,null
"865","863","Apparel-Jewelry/Women-s-Shoes/Pumps","3",null,null
"866","863","Apparel-Jewelry/Women-s-Shoes/Women-s-Fashion-Sneakers","3",null,null
"867","863","Apparel-Jewelry/Women-s-Shoes/Flats","3",null,null
"868","863","Apparel-Jewelry/Women-s-Shoes/Sandals","3",null,null
"869","863","Apparel-Jewelry/Women-s-Shoes/Slippers","3",null,null
"870","863","Apparel-Jewelry/Women-s-Shoes/Oxfords","3",null,null
"871","863","Apparel-Jewelry/Women-s-Shoes/Boat-Shoes","3",null,null
"872","863","Apparel-Jewelry/Women-s-Shoes/Loafers","3",null,null
"873","863","Apparel-Jewelry/Women-s-Shoes/Mules-Clogs","3",null,null
"874","768","Apparel-Jewelry/Bags","2",null,null
"875","874","Apparel-Jewelry/Bags/Women-s-Bags","3",null,null
"876","875","Apparel-Jewelry/Bags/Women-s-Bags/Handbags","4",null,null
"877","875","Apparel-Jewelry/Bags/Women-s-Bags/Backpack","4",null,null
"878","875","Apparel-Jewelry/Bags/Women-s-Bags/Crossbody-Bags","4",null,null
"879","875","Apparel-Jewelry/Bags/Women-s-Bags/Cluches-Bags","4",null,null
"880","875","Apparel-Jewelry/Bags/Women-s-Bags/Wallets","4",null,null
"881","875","Apparel-Jewelry/Bags/Women-s-Bags/Cosmatic-Bags","4",null,null
"882","874","Apparel-Jewelry/Bags/Men-s-Bags","3",null,null
"883","882","Apparel-Jewelry/Bags/Men-s-Bags/Men-s-Handbags","4",null,null
"884","882","Apparel-Jewelry/Bags/Men-s-Bags/Men-s-Backpacks","4",null,null
"885","882","Apparel-Jewelry/Bags/Men-s-Bags/Men-s-Wallets","4",null,null
"886","874","Apparel-Jewelry/Bags/Luggage-Travel-Bags","3",null,null
"887","768","Apparel-Jewelry/Watches","2",null,null
"888","887","Apparel-Jewelry/Watches/Men-Watch","3",null,null
"889","887","Apparel-Jewelry/Watches/Women-Watch","3",null,null
"890","887","Apparel-Jewelry/Watches/Children-Watch","3",null,null
"891","887","Apparel-Jewelry/Watches/Sports-watch","3",null,null
"892","887","Apparel-Jewelry/Watches/Bracelet-Watch","3",null,null
"893","887","Apparel-Jewelry/Watches/Pocket-Watch","3",null,null
"894","887","Apparel-Jewelry/Watches/Mechanical-Watch","3",null,null
"895","887","Apparel-Jewelry/Watches/Watch-Accessories","3",null,null
"896","768","Apparel-Jewelry/Fashion-Jewelry","2",null,null
"897","896","Apparel-Jewelry/Fashion-Jewelry/Necklaces-Pendants","3",null,null
"898","896","Apparel-Jewelry/Fashion-Jewelry/Bracelets-Bangles","3",null,null
"899","896","Apparel-Jewelry/Fashion-Jewelry/Earrings","3",null,null
"900","896","Apparel-Jewelry/Fashion-Jewelry/Rings","3",null,null
"901","896","Apparel-Jewelry/Fashion-Jewelry/Jewelry-Sets","3",null,null
"902","896","Apparel-Jewelry/Fashion-Jewelry/Hair-Jewelry","3",null,null
"903","896","Apparel-Jewelry/Fashion-Jewelry/Tie-Clips-Cufflinks","3",null,null
"904","896","Apparel-Jewelry/Fashion-Jewelry/Brooches","3",null,null
"905","896","Apparel-Jewelry/Fashion-Jewelry/Charms","3",null,null
"906","896","Apparel-Jewelry/Fashion-Jewelry/Body-Jewelry","3",null,null
"907","896","Apparel-Jewelry/Fashion-Jewelry/Anklets","3",null,null
"908","768","Apparel-Jewelry/Jewelry-Supplies","2",null,null
"909","908","Apparel-Jewelry/Jewelry-Supplies/Jewelry-Scale","3",null,null
"910","908","Apparel-Jewelry/Jewelry-Supplies/Jewellery-Boxes-Cases","3",null,null
"911","908","Apparel-Jewelry/Jewelry-Supplies/Jewelry-Display-Stand","3",null,null
"912","908","Apparel-Jewelry/Jewelry-Supplies/Keychain","3",null,null
"913","768","Apparel-Jewelry/Jewelry-Design-Repair","2",null,null
"914","913","Apparel-Jewelry/Jewelry-Design-Repair/DIY-Jewelry","3",null,null
"915","913","Apparel-Jewelry/Jewelry-Design-Repair/Jewelry-Tools","3",null,null
"916",null,"Home-and-Garden","1",null,null
"917","916","Home-and-Garden/Lifestyle-Gadgest","2",null,null
"918","917","Home-and-Garden/Lifestyle-Gadgest/Housekeeping-Organization","3",null,null
"919","917","Home-and-Garden/Lifestyle-Gadgest/Temp-Heater-Glue-Gun","3",null,null
"920","917","Home-and-Garden/Lifestyle-Gadgest/Energy-Saving-Gadgest","3",null,null
"921","917","Home-and-Garden/Lifestyle-Gadgest/Glasses","3",null,null
"922","917","Home-and-Garden/Lifestyle-Gadgest/Keychains","3",null,null
"923","917","Home-and-Garden/Lifestyle-Gadgest/Other-Lifestyle-Gadgest","3",null,null
"924","916","Home-and-Garden/Festive-Party-Supplies","2",null,null
"925","924","Home-and-Garden/Festive-Party-Supplies/Christmas-Supplies","3",null,null
"926","924","Home-and-Garden/Festive-Party-Supplies/Halloween-Supplies","3",null,null
"927","924","Home-and-Garden/Festive-Party-Supplies/Wedding-Supplies","3",null,null
"928","924","Home-and-Garden/Festive-Party-Supplies/Other-Holiday-Supplies","3",null,null
"929","916","Home-and-Garden/Baby-Supplies","2",null,null
"930","929","Home-and-Garden/Baby-Supplies/Baby-Gear","3",null,null
"931","929","Home-and-Garden/Baby-Supplies/Baby-Safety-Health","3",null,null
"932","929","Home-and-Garden/Baby-Supplies/Mummy-package","3",null,null
"933","916","Home-and-Garden/Safety-Security","2",null,null
"934","933","Home-and-Garden/Safety-Security/IP-Cameras","3",null,null
"935","933","Home-and-Garden/Safety-Security/CCTV-Cameras","3",null,null
"936","933","Home-and-Garden/Safety-Security/Baby-Monitor","3",null,null
"937","933","Home-and-Garden/Safety-Security/Door-Access-Doorbell","3",null,null
"938","933","Home-and-Garden/Safety-Security/Wireless-Camera-Receiver","3",null,null
"939","933","Home-and-Garden/Safety-Security/Two-Way-Radio","3",null,null
"940","933","Home-and-Garden/Safety-Security/Video-monitor","3",null,null
"941","933","Home-and-Garden/Safety-Security/Fire-Safety","3",null,null
"942","933","Home-and-Garden/Safety-Security/First-Aid-Kits-Protection-Equipment","3",null,null
"943","933","Home-and-Garden/Safety-Security/Personal-Defense-Equipment","3",null,null
"944","933","Home-and-Garden/Safety-Security/Alarms-Secuity-Padlock","3",null,null
"945","916","Home-and-Garden/Pet-Supplies","2",null,null
"946","945","Home-and-Garden/Pet-Supplies/Dog-Clothing","3",null,null
"947","945","Home-and-Garden/Pet-Supplies/Collars","3",null,null
"948","945","Home-and-Garden/Pet-Supplies/Pet-Toys","3",null,null
"949","945","Home-and-Garden/Pet-Supplies/Pet-Beds-Grooming","3",null,null
"950","945","Home-and-Garden/Pet-Supplies/Aquarium-Accessories","3",null,null
"951","916","Home-and-Garden/Home-living","2",null,null
"952","951","Home-and-Garden/Home-living/Faucets","3",null,null
"953","951","Home-and-Garden/Home-living/Kitchen-Dining","3",null,null
"954","951","Home-and-Garden/Home-living/Bath","3",null,null
"955","951","Home-and-Garden/Home-living/Bedding","3",null,null
"956","951","Home-and-Garden/Home-living/Plugs-Sockets","3",null,null
"957","951","Home-and-Garden/Home-living/Housekeeping-Gadgets","3",null,null
"958","951","Home-and-Garden/Home-living/Home-Decorations-Furnishings","3",null,null
"959","951","Home-and-Garden/Home-living/Storage-Organization","3",null,null
"960","951","Home-and-Garden/Home-living/Pest-Control","3",null,null
"961","951","Home-and-Garden/Home-living/Vacuums-Floor-Care","3",null,null
"962","951","Home-and-Garden/Home-living/Air-Purifier","3",null,null
"963","951","Home-and-Garden/Home-living/Humidifier","3",null,null
"964","951","Home-and-Garden/Home-living/Air-conditioning-fans","3",null,null
"965","916","Home-and-Garden/Home-Electronics","2",null,null
"966","965","Home-and-Garden/Home-Electronics/Radio-Clocks","3",null,null
"967","965","Home-and-Garden/Home-Electronics/Small-Appliances","3",null,null
"968","965","Home-and-Garden/Home-Electronics/Telephones-Accessories","3",null,null
"969","916","Home-and-Garden/Lighter-Cigar-Supplies","2",null,null
"970","969","Home-and-Garden/Lighter-Cigar-Supplies/Lighter","3",null,null
"971","969","Home-and-Garden/Lighter-Cigar-Supplies/Cigar-Supplies","3",null,null
"972","916","Home-and-Garden/Stationeries","2",null,null
"973","972","Home-and-Garden/Stationeries/Learning-Education","3",null,null
"974","972","Home-and-Garden/Stationeries/Painting-Calligraphy","3",null,null
"975","972","Home-and-Garden/Stationeries/Office-Supplies","3",null,null
"976","972","Home-and-Garden/Stationeries/office-Electronics","3",null,null
"977","916","Home-and-Garden/Yard-Garden","2",null,null
"978","977","Home-and-Garden/Yard-Garden/Garden-Supplies","3",null,null
"979","977","Home-and-Garden/Yard-Garden/BBQ-Supplies","3",null,null
"980","977","Home-and-Garden/Yard-Garden/Garden-Landscaping-Decking","3",null,null
"981","977","Home-and-Garden/Yard-Garden/Garden-Pots-Bonsai","3",null,null
"982","977","Home-and-Garden/Yard-Garden/Garden-Tools","3",null,null
"983","977","Home-and-Garden/Yard-Garden/Watering-Irrigation","3",null,null
"984","916","Home-and-Garden/Antiques-Craftwork","2",null,null
"985","984","Home-and-Garden/Antiques-Craftwork/Bone-Netsuke","3",null,null
"986","984","Home-and-Garden/Antiques-Craftwork/Snuffbottle","3",null,null
"987","984","Home-and-Garden/Antiques-Craftwork/Coin","3",null,null
"988","984","Home-and-Garden/Antiques-Craftwork/Wood-Base","3",null,null
"989","984","Home-and-Garden/Antiques-Craftwork/Boxwood-Wood-Teaspoon","3",null,null
"990","984","Home-and-Garden/Antiques-Craftwork/Boxwood-Carving","3",null,null
"991","984","Home-and-Garden/Antiques-Craftwork/Smoking-Pipe","3",null,null
"992","984","Home-and-Garden/Antiques-Craftwork/Others","3",null,null
"993",null,"RC-Models-Hobbies","1",null,null
"994","993","RC-Models-Hobbies/DJI","2",null,null
"995","994","RC-Models-Hobbies/DJI/DJI-Multicopter","3",null,null
"996","994","RC-Models-Hobbies/DJI/Phantom-Series-Parts","3",null,null
"997","994","RC-Models-Hobbies/DJI/Inspire-Parts","3",null,null
"998","994","RC-Models-Hobbies/DJI/Flame-Wheel-Parts","3",null,null
"999","994","RC-Models-Hobbies/DJI/Tuned-Propulsion-Systems","3",null,null
"1000","994","RC-Models-Hobbies/DJI/S8-S8-EVO-Parts","3",null,null
"1001","994","RC-Models-Hobbies/DJI/S9-Parts","3",null,null
"1002","994","RC-Models-Hobbies/DJI/S1-S1-Parts","3",null,null
"1003","994","RC-Models-Hobbies/DJI/DJI-Flight-Controllers","3",null,null
"1004","994","RC-Models-Hobbies/DJI/DJI-Gimbals","3",null,null
"1005","994","RC-Models-Hobbies/DJI/DJI-Other-Parts","3",null,null
"1006","993","RC-Models-Hobbies/Walkera","2",null,null
"1007","1006","RC-Models-Hobbies/Walkera/Walkera-Multicopter","3",null,null
"1008","1006","RC-Models-Hobbies/Walkera/Helicopter-Airplane","3",null,null
"1009","1006","RC-Models-Hobbies/Walkera/QR-X35-Pro-QR-X35-Parts","3",null,null
"1010","1006","RC-Models-Hobbies/Walkera/Tail-H5-Parts","3",null,null
"1011","1006","RC-Models-Hobbies/Walkera/W1-S-Parts","3",null,null
"1012","1006","RC-Models-Hobbies/Walkera/QR-Y1-Parts","3",null,null
"1013","1006","RC-Models-Hobbies/Walkera/CP-Helicopter-Parts","3",null,null
"1014","1006","RC-Models-Hobbies/Walkera/V12-D-2S-Parts","3",null,null
"1015","1006","RC-Models-Hobbies/Walkera/4F2-LM-Parts","3",null,null
"1016","1006","RC-Models-Hobbies/Walkera/V45-D-1-V45-D-3-Parts","3",null,null
"1017","1006","RC-Models-Hobbies/Walkera/Hifa-Parts","3",null,null
"1018","1006","RC-Models-Hobbies/Walkera/G-2D-Parts","3",null,null
"1019","1006","RC-Models-Hobbies/Walkera/Walkera-Transmitter-Receiver","3",null,null
"1020","1006","RC-Models-Hobbies/Walkera/Walkera-Other-Parts","3",null,null
"1021","993","RC-Models-Hobbies/HSP","2",null,null
"1022","1021","RC-Models-Hobbies/HSP/HSP-Car","3",null,null
"1023","1021","RC-Models-Hobbies/HSP/1-24TH-RC-Car-Parts","3",null,null
"1024","1021","RC-Models-Hobbies/HSP/1-14TH-RC-Car-Parts","3",null,null
"1025","1021","RC-Models-Hobbies/HSP/1-16TH-RC-Car-Parts","3",null,null
"1026","1021","RC-Models-Hobbies/HSP/1-1-TH-RC-Car-Parts","3",null,null
"1027","1021","RC-Models-Hobbies/HSP/1-8TH-RC-Car-Parts","3",null,null
"1028","1021","RC-Models-Hobbies/HSP/HSP-Other-Parts","3",null,null
"1029","993","RC-Models-Hobbies/SYMA","2",null,null
"1030","1029","RC-Models-Hobbies/SYMA/Syma-Multicopter","3",null,null
"1031","1029","RC-Models-Hobbies/SYMA/Syma-Helicopter","3",null,null
"1032","1029","RC-Models-Hobbies/SYMA/Syma-Multicopter-Parts","3",null,null
"1033","1029","RC-Models-Hobbies/SYMA/Syma-Helicopter-Parts","3",null,null
"1034","993","RC-Models-Hobbies/WLtoys","2",null,null
"1035","1034","RC-Models-Hobbies/WLtoys/WLtoys-Multicopter","3",null,null
"1036","1034","RC-Models-Hobbies/WLtoys/WLtoys-Helicopter","3",null,null
"1037","1034","RC-Models-Hobbies/WLtoys/WLtoys-Airplane","3",null,null
"1038","1034","RC-Models-Hobbies/WLtoys/WLtoys-Car","3",null,null
"1039","1034","RC-Models-Hobbies/WLtoys/WLtoys-Multicopter-Parts","3",null,null
"1040","1034","RC-Models-Hobbies/WLtoys/WLtoys-Helicopter-Parts","3",null,null
"1041","1034","RC-Models-Hobbies/WLtoys/WLtoys-Car-Parts","3",null,null
"1042","1034","RC-Models-Hobbies/WLtoys/WLtoys-Airplane-Parts","3",null,null
"1043","993","RC-Models-Hobbies/Hubsan","2",null,null
"1044","1043","RC-Models-Hobbies/Hubsan/Hubsan-Quadcopter","3",null,null
"1045","1043","RC-Models-Hobbies/Hubsan/Hubsan-H1-7-Series-Parts","3",null,null
"1046","993","RC-Models-Hobbies/Emax","2",null,null
"1047","1046","RC-Models-Hobbies/Emax/XA2212-Series","3",null,null
"1048","1046","RC-Models-Hobbies/Emax/MT-Motors","3",null,null
"1049","1046","RC-Models-Hobbies/Emax/GT-Motors","3",null,null
"1050","1046","RC-Models-Hobbies/Emax/GF-Motors","3",null,null
"1051","1046","RC-Models-Hobbies/Emax/BL-Motors","3",null,null
"1052","1046","RC-Models-Hobbies/Emax/CF-Motors","3",null,null
"1053","1046","RC-Models-Hobbies/Emax/EMAX-Servo","3",null,null
"1054","1046","RC-Models-Hobbies/Emax/EMAX-ESC","3",null,null
"1055","1046","RC-Models-Hobbies/Emax/EMAX-Other-Parts","3",null,null
"1056","993","RC-Models-Hobbies/RC-Toys","2",null,null
"1057","1056","RC-Models-Hobbies/RC-Toys/Airplane-Toys","3",null,null
"1058","1056","RC-Models-Hobbies/RC-Toys/Airplane-Toys-Parts","3",null,null
"1059","1056","RC-Models-Hobbies/RC-Toys/Car-Toys","3",null,null
"1060","1056","RC-Models-Hobbies/RC-Toys/Car-Toys-Parts","3",null,null
"1061","1056","RC-Models-Hobbies/RC-Toys/Boat-Toys","3",null,null
"1062","1056","RC-Models-Hobbies/RC-Toys/Boat-Toys-Parts","3",null,null
"1063","1056","RC-Models-Hobbies/RC-Toys/Other-Toys","3",null,null
"1064","993","RC-Models-Hobbies/FPV-system","2",null,null
"1065","1064","RC-Models-Hobbies/FPV-system/Image-Transmission","3",null,null
"1066","1064","RC-Models-Hobbies/FPV-system/FPV-Gimbal","3",null,null
"1067","1064","RC-Models-Hobbies/FPV-system/Other-FPV-Parts","3",null,null
"1068","993","RC-Models-Hobbies/Fight-Control-System","2",null,null
"1069","1068","RC-Models-Hobbies/Fight-Control-System/Flight-Controllers","3",null,null
"1070","1068","RC-Models-Hobbies/Fight-Control-System/GPS-Module","3",null,null
"1071","1068","RC-Models-Hobbies/Fight-Control-System/Other-Flight-Control-Parts","3",null,null
"1072","993","RC-Models-Hobbies/Multicopter","2",null,null
"1073","1072","RC-Models-Hobbies/Multicopter/Multicopter-Propellers","3",null,null
"1074","1072","RC-Models-Hobbies/Multicopter/Multicopter-Frame","3",null,null
"1075","1072","RC-Models-Hobbies/Multicopter/Multicopter-Electronic-Parts","3",null,null
"1076","1072","RC-Models-Hobbies/Multicopter/Multicopter-Other-Parts","3",null,null
"1077","993","RC-Models-Hobbies/Airplane","2",null,null
"1078","1077","RC-Models-Hobbies/Airplane/Airplane-Propellers","3",null,null
"1079","1077","RC-Models-Hobbies/Airplane/Airplane-Tires","3",null,null
"1080","1077","RC-Models-Hobbies/Airplane/Other-Airplane-Parts","3",null,null
"1081","993","RC-Models-Hobbies/Car","2",null,null
"1082","1081","RC-Models-Hobbies/Car/RC-Car","3",null,null
"1083","1081","RC-Models-Hobbies/Car/Car-Tires","3",null,null
"1084","1081","RC-Models-Hobbies/Car/ZD-Racing-Parts","3",null,null
"1085","1081","RC-Models-Hobbies/Car/Yikong-Parts","3",null,null
"1086","1081","RC-Models-Hobbies/Car/Other-Car-Parts","3",null,null
"1087","993","RC-Models-Hobbies/Helicopter","2",null,null
"1088","1087","RC-Models-Hobbies/Helicopter/RC-Helicopter","3",null,null
"1089","1087","RC-Models-Hobbies/Helicopter/Helicopter-Blades","3",null,null
"1090","1087","RC-Models-Hobbies/Helicopter/Helicopter-Frame","3",null,null
"1091","1087","RC-Models-Hobbies/Helicopter/Other-Helicopter-Parts","3",null,null
"1092","993","RC-Models-Hobbies/General-Electrinic-Parts","2",null,null
"1093","1092","RC-Models-Hobbies/General-Electrinic-Parts/Motor","3",null,null
"1094","1092","RC-Models-Hobbies/General-Electrinic-Parts/ESC","3",null,null
"1095","1092","RC-Models-Hobbies/General-Electrinic-Parts/Servo","3",null,null
"1096","1092","RC-Models-Hobbies/General-Electrinic-Parts/Cables-Plugs","3",null,null
"1097","1092","RC-Models-Hobbies/General-Electrinic-Parts/Other-Electrinic-Parts","3",null,null
"1098","993","RC-Models-Hobbies/Transmitter-Receiver","2",null,null
"1099","1098","RC-Models-Hobbies/Transmitter-Receiver/RadioLink-Transmitter-Receiver","3",null,null
"1100","1098","RC-Models-Hobbies/Transmitter-Receiver/FlySky-Transmitter-Receiver","3",null,null
"1101","1098","RC-Models-Hobbies/Transmitter-Receiver/Other-Transmitter-Receiver","3",null,null
"1102","1098","RC-Models-Hobbies/Transmitter-Receiver/Simulator","3",null,null
"1103","1098","RC-Models-Hobbies/Transmitter-Receiver/Other-TX-RX-Parts","3",null,null
"1104","993","RC-Models-Hobbies/RC-Model-Battery","2",null,null
"1105","1104","RC-Models-Hobbies/RC-Model-Battery/Andoer-Series","3",null,null
"1106","1104","RC-Models-Hobbies/RC-Model-Battery/YKS-Series","3",null,null
"1107","1104","RC-Models-Hobbies/RC-Model-Battery/Lion-Power-Series","3",null,null
"1108","1104","RC-Models-Hobbies/RC-Model-Battery/Other-RC-Battery","3",null,null
"1109","993","RC-Models-Hobbies/Charger","2",null,null
"1110","1109","RC-Models-Hobbies/Charger/Charger-Adaptor","3",null,null
"1111","1109","RC-Models-Hobbies/Charger/Other-Charger-Parts","3",null,null
"1112","993","RC-Models-Hobbies/RC-Tools-Tester","2",null,null
"1113","1112","RC-Models-Hobbies/RC-Tools-Tester/RC-Tools","3",null,null
"1114","1112","RC-Models-Hobbies/RC-Tools-Tester/Other-General-Tools","3",null,null
"1115","1112","RC-Models-Hobbies/RC-Tools-Tester/Voltage-Tester","3",null,null
"1116","1112","RC-Models-Hobbies/RC-Tools-Tester/Servo-Tester","3",null,null
"1117","1112","RC-Models-Hobbies/RC-Tools-Tester/Propeller-Blades-Tester","3",null,null
"1118","1112","RC-Models-Hobbies/RC-Tools-Tester/Other-Tester","3",null,null
"1119",null,"Toys-Games","1",null,null
"1120","1119","Toys-Games/Baby-Toys","2",null,null
"1121","1120","Toys-Games/Baby-Toys/Play-Mats","3",null,null
"1122","1120","Toys-Games/Baby-Toys/Baby-Books","3",null,null
"1123","1120","Toys-Games/Baby-Toys/Baby-Rattles","3",null,null
"1124","1119","Toys-Games/Classic-Toys","2",null,null
"1125","1124","Toys-Games/Classic-Toys/Balloons","3",null,null
"1126","1124","Toys-Games/Classic-Toys/Pretend-Play","3",null,null
"1127","1124","Toys-Games/Classic-Toys/Bath-Toy","3",null,null
"1128","1124","Toys-Games/Classic-Toys/Spinning-Tops","3",null,null
"1129","1124","Toys-Games/Classic-Toys/Stickers","3",null,null
"1130","1124","Toys-Games/Classic-Toys/Yoyos","3",null,null
"1131","1124","Toys-Games/Classic-Toys/Noise-Maker","3",null,null
"1132","1124","Toys-Games/Classic-Toys/Kaleidoscope","3",null,null
"1133","1124","Toys-Games/Classic-Toys/TV-Movie-Character-Models","3",null,null
"1134","1124","Toys-Games/Classic-Toys/Toy-Vehicles","3",null,null
"1135","1124","Toys-Games/Classic-Toys/Models-Building-Toy","3",null,null
"1136","1124","Toys-Games/Classic-Toys/Animation-Models","3",null,null
"1137","1124","Toys-Games/Classic-Toys/Windmill","3",null,null
"1138","1119","Toys-Games/Dolls-Stuffed-Toys","2",null,null
"1139","1138","Toys-Games/Dolls-Stuffed-Toys/Doll-Houses","3",null,null
"1140","1138","Toys-Games/Dolls-Stuffed-Toys/Dolls","3",null,null
"1141","1138","Toys-Games/Dolls-Stuffed-Toys/Stuffed-Animals-Plush","3",null,null
"1142","1138","Toys-Games/Dolls-Stuffed-Toys/Puppets","3",null,null
"1143","1138","Toys-Games/Dolls-Stuffed-Toys/Plush-Backpacks","3",null,null
"1144","1138","Toys-Games/Dolls-Stuffed-Toys/Stuffed-Plush-Plants","3",null,null
"1145","1119","Toys-Games/Electronic-Toys","2",null,null
"1146","1145","Toys-Games/Electronic-Toys/Electronic-Pets","3",null,null
"1147","1145","Toys-Games/Electronic-Toys/Toy-Cameras","3",null,null
"1148","1145","Toys-Games/Electronic-Toys/Toy-Phones","3",null,null
"1149","1145","Toys-Games/Electronic-Toys/Toy-Walkie-Talkies","3",null,null
"1150","1119","Toys-Games/Learning-Education","2",null,null
"1151","1150","Toys-Games/Learning-Education/Drawing-Toys","3",null,null
"1152","1150","Toys-Games/Learning-Education/Learning-Machines","3",null,null
"1153","1150","Toys-Games/Learning-Education/Math-Toys","3",null,null
"1154","1150","Toys-Games/Learning-Education/Magic-Magician-Supplies","3",null,null
"1155","1150","Toys-Games/Learning-Education/DIY-Toys","3",null,null
"1156","1150","Toys-Games/Learning-Education/Puzzles-Intelligent","3",null,null
"1157","1150","Toys-Games/Learning-Education/Playdough","3",null,null
"1158","1119","Toys-Games/Novelty-Toys","2",null,null
"1159","1158","Toys-Games/Novelty-Toys/Joke-Monsters-Toys","3",null,null
"1160","1158","Toys-Games/Novelty-Toys/Glow-in-the-Dark-Toys","3",null,null
"1161","1158","Toys-Games/Novelty-Toys/Solar-Toys","3",null,null
"1162","1119","Toys-Games/Outdoor-Fun-Sports","2",null,null
"1163","1162","Toys-Games/Outdoor-Fun-Sports/Bubbles","3",null,null
"1164","1162","Toys-Games/Outdoor-Fun-Sports/Fishing-Toys","3",null,null
"1165","1162","Toys-Games/Outdoor-Fun-Sports/Flying-Disk-Arrow","3",null,null
"1166","1162","Toys-Games/Outdoor-Fun-Sports/Inflatable-Bouncers","3",null,null
"1167","1162","Toys-Games/Outdoor-Fun-Sports/Kites-Accessories","3",null,null
"1168","1162","Toys-Games/Outdoor-Fun-Sports/Ride-On-Toys","3",null,null
"1169","1162","Toys-Games/Outdoor-Fun-Sports/Toy-Balls","3",null,null
"1170","1162","Toys-Games/Outdoor-Fun-Sports/Toy-Guns","3",null,null
"1171","1162","Toys-Games/Outdoor-Fun-Sports/Toy-Swings","3",null,null
"1172","1162","Toys-Games/Outdoor-Fun-Sports/Toy-Tents","3",null,null
"1173","1119","Toys-Games/Video-Games","2",null,null
"1174","1173","Toys-Games/Video-Games/Accessories-for-Nintedo-Wii","3",null,null
"1175","1173","Toys-Games/Video-Games/Accessories-for-NDSL-NDSI","3",null,null
"1176","1173","Toys-Games/Video-Games/Accessories-for-Xbox-36-","3",null,null
"1177","1173","Toys-Games/Video-Games/Accessories-for-SONY-PS3","3",null,null
"1178","1173","Toys-Games/Video-Games/Accessories-for-SONY-PSP","3",null,null
"1179","1173","Toys-Games/Video-Games/Accessories-for-SONY-PS2","3",null,null
"1180","1173","Toys-Games/Video-Games/Accessories-for-PC","3",null,null
"1181","1173","Toys-Games/Video-Games/Accessories-for-PSP-GO","3",null,null
"1182","1173","Toys-Games/Video-Games/China-Game-Console","3",null,null
"1183","1173","Toys-Games/Video-Games/Accessories-for-GBA","3",null,null
"1184","1173","Toys-Games/Video-Games/Nintendo-3DS-Accessories","3",null,null
"1185","1173","Toys-Games/Video-Games/Accessories-for-Xbox-One","3",null,null
"1186",null,"Musical-Instruments","1",null,null
"1187","1186","Musical-Instruments/Brands","2",null,null
"1188","1187","Musical-Instruments/Brands/NUX","3",null,null
"1189","1187","Musical-Instruments/Brands/Cherub","3",null,null
"1190","1187","Musical-Instruments/Brands/Musedo","3",null,null
"1191","1187","Musical-Instruments/Brands/JOYO","3",null,null
"1192","1187","Musical-Instruments/Brands/Dr-J","3",null,null
"1193","1187","Musical-Instruments/Brands/Aroma","3",null,null
"1194","1187","Musical-Instruments/Brands/Caline","3",null,null
"1195","1187","Musical-Instruments/Brands/ENO","3",null,null
"1196","1187","Musical-Instruments/Brands/Flanger","3",null,null
"1197","1187","Musical-Instruments/Brands/Fzone","3",null,null
"1198","1187","Musical-Instruments/Brands/Alice","3",null,null
"1199","1187","Musical-Instruments/Brands/Meideal","3",null,null
"1200","1186","Musical-Instruments/Strings","2",null,null
"1201","1200","Musical-Instruments/Strings/Guitar-Accessories","3",null,null
"1202","1200","Musical-Instruments/Strings/Guitars","3",null,null
"1203","1200","Musical-Instruments/Strings/Electric-Guitars","3",null,null
"1204","1200","Musical-Instruments/Strings/Ukuleles","3",null,null
"1205","1200","Musical-Instruments/Strings/Electric-Bass","3",null,null
"1206","1200","Musical-Instruments/Strings/Violin-Accessories","3",null,null
"1207","1200","Musical-Instruments/Strings/Violins","3",null,null
"1208","1200","Musical-Instruments/Strings/Violas-Cellos","3",null,null
"1209","1200","Musical-Instruments/Strings/Parts-Accessories","3",null,null
"1210","1186","Musical-Instruments/Woodwinds","2",null,null
"1211","1210","Musical-Instruments/Woodwinds/Saxophones","3",null,null
"1212","1210","Musical-Instruments/Woodwinds/Harmonicas","3",null,null
"1213","1210","Musical-Instruments/Woodwinds/Flutes-Piccolos","3",null,null
"1214","1210","Musical-Instruments/Woodwinds/Clarinet-Oboes","3",null,null
"1215","1210","Musical-Instruments/Woodwinds/Ocarinas","3",null,null
"1216","1210","Musical-Instruments/Woodwinds/Parts-Accessories","3",null,null
"1217","1186","Musical-Instruments/Brass","2",null,null
"1218","1217","Musical-Instruments/Brass/Trumpets","3",null,null
"1219","1217","Musical-Instruments/Brass/Cornets","3",null,null
"1220","1217","Musical-Instruments/Brass/Trombones","3",null,null
"1221","1217","Musical-Instruments/Brass/French-Horns","3",null,null
"1222","1217","Musical-Instruments/Brass/Tubas","3",null,null
"1223","1217","Musical-Instruments/Brass/Parts-Accessories","3",null,null
"1224","1186","Musical-Instruments/Drums-Percussion","2",null,null
"1225","1224","Musical-Instruments/Drums-Percussion/Snare-Drums-Bass-Drums","3",null,null
"1226","1224","Musical-Instruments/Drums-Percussion/Drum-Sets","3",null,null
"1227","1224","Musical-Instruments/Drums-Percussion/Timpanis","3",null,null
"1228","1224","Musical-Instruments/Drums-Percussion/Xylophones","3",null,null
"1229","1224","Musical-Instruments/Drums-Percussion/Triangles","3",null,null
"1230","1224","Musical-Instruments/Drums-Percussion/Tambourines","3",null,null
"1231","1224","Musical-Instruments/Drums-Percussion/Castanets","3",null,null
"1232","1224","Musical-Instruments/Drums-Percussion/Maracas","3",null,null
"1233","1224","Musical-Instruments/Drums-Percussion/Parts-Accessories","3",null,null
"1234","1186","Musical-Instruments/Keyboards-Pianos","2",null,null
"1235","1234","Musical-Instruments/Keyboards-Pianos/Pianos","3",null,null
"1236","1234","Musical-Instruments/Keyboards-Pianos/Accordions","3",null,null
"1237","1234","Musical-Instruments/Keyboards-Pianos/Electronic-Keyboards","3",null,null
"1238","1234","Musical-Instruments/Keyboards-Pianos/Parts-Accessories","3",null,null
"1239","1186","Musical-Instruments/Pro-Audio-Equipment","2",null,null
"1240","1239","Musical-Instruments/Pro-Audio-Equipment/Microphones","3",null,null
"1241","1239","Musical-Instruments/Pro-Audio-Equipment/Stands-Holders","3",null,null
"1242","1239","Musical-Instruments/Pro-Audio-Equipment/Speakers-Bullhorns","3",null,null
"1243","1239","Musical-Instruments/Pro-Audio-Equipment/Cables-Interconnects","3",null,null
"1244","1239","Musical-Instruments/Pro-Audio-Equipment/Amplifiers","3",null,null
"1245","1239","Musical-Instruments/Pro-Audio-Equipment/DJ-Accessories","3",null,null
"1246","1239","Musical-Instruments/Pro-Audio-Equipment/Pop-Filters","3",null,null
"1247",null,"Video-Audio","1",null,null
"1248","1247","Video-Audio/HD-Player","2",null,null
"1249","1248","Video-Audio/HD-Player/Android-TV-Player-Box","3",null,null
"1250","1248","Video-Audio/HD-Player/Digital-Mdeia-Receivers","3",null,null
"1251","1248","Video-Audio/HD-Player/Satellite-Receivers","3",null,null
"1252","1248","Video-Audio/HD-Player/Receivers","3",null,null
"1253","1248","Video-Audio/HD-Player/HDD-Media-Players","3",null,null
"1254","1248","Video-Audio/HD-Player/Other-Multi-Media-Video-Player","3",null,null
"1255","1247","Video-Audio/Karaoke","2",null,null
"1256","1255","Video-Audio/Karaoke/Microphone-Mic-for-Karaoke","3",null,null
"1257","1255","Video-Audio/Karaoke/Speakers-Subwoofers","3",null,null
"1258","1255","Video-Audio/Karaoke/Karaoke-Player-for-PC-Phone","3",null,null
"1259","1247","Video-Audio/Projector-Accessories","2",null,null
"1260","1259","Video-Audio/Projector-Accessories/Home-Theater-Projectors","3",null,null
"1261","1259","Video-Audio/Projector-Accessories/Portable-Projectors","3",null,null
"1262","1259","Video-Audio/Projector-Accessories/LCD-Projectors","3",null,null
"1263","1259","Video-Audio/Projector-Accessories/Overhead-Projector","3",null,null
"1264","1247","Video-Audio/3D-Glasses-Video-Glasses","2",null,null
"1265","1264","Video-Audio/3D-Glasses-Video-Glasses/DIY-Google-Cardboard-3D-Glasses","3",null,null
"1266","1264","Video-Audio/3D-Glasses-Video-Glasses/Virtual-Video-Glasses","3",null,null
"1267","1247","Video-Audio/A-V-Accessories-Cables","2",null,null
"1268","1267","Video-Audio/A-V-Accessories-Cables/Audio-Cables-Connecoors","3",null,null
"1269","1267","Video-Audio/A-V-Accessories-Cables/Video-Splitters-Switches","3",null,null
"1270","1267","Video-Audio/A-V-Accessories-Cables/TV-Accessories","3",null,null
"1271","1267","Video-Audio/A-V-Accessories-Cables/HDMI-Cables-Adapters","3",null,null
"1272","1267","Video-Audio/A-V-Accessories-Cables/Toslink-Optical-Cables","3",null,null
"1273","1267","Video-Audio/A-V-Accessories-Cables/VGA-Cables","3",null,null
"1274","1267","Video-Audio/A-V-Accessories-Cables/S-Video-Cables","3",null,null
"1275","1267","Video-Audio/A-V-Accessories-Cables/DVI-Cables","3",null,null
"1276","1267","Video-Audio/A-V-Accessories-Cables/AV-Cables","3",null,null
"1277","1267","Video-Audio/A-V-Accessories-Cables/RCA-Connectors","3",null,null
"1278","1247","Video-Audio/Batteries-Chargers","2",null,null
"1279","1278","Video-Audio/Batteries-Chargers/Batteries","3",null,null
"1280","1278","Video-Audio/Batteries-Chargers/Chargers-Adapters","3",null,null
"1281","1278","Video-Audio/Batteries-Chargers/Solar-Charger","3",null,null
"1282","1247","Video-Audio/DVD-Player","2",null,null
"1283","1247","Video-Audio/Wireless-Display-Dongle","2",null,null
"1284","1247","Video-Audio/Satellite-Receiver","2",null,null
"1285","1247","Video-Audio/Speakers-Subwoofers","2",null,null
"1286","1247","Video-Audio/Radios","2",null,null
"1287","1247","Video-Audio/CD-Players-Recorders","2",null,null
"1288","1247","Video-Audio/MP3-MP4-MP5-Players","2",null,null
"1289","1247","Video-Audio/CD-Players-Recorders","2",null,null
"1290","1247","Video-Audio/Other-Consumer-Electronics","2",null,null
"1291","1247","Video-Audio/Digital-Video-Recorders","2",null,null
